branch_id,dealer_id,model_id,revenue,units_sold,date_id,day,month,year,branch_name,dealer_name
105,5012,202,1563000,2,20230101,1,1,2023,Mumbai,Green Wheels
104,5010,207,11216800,5,20230101,1,1,2023,Hyderabad,Crown Cars
106,5016,204,3280800,3,20230101,1,1,2023,Delhi,Pearl Motors
102,5004,201,1246000,2,20230102,2,1,2023,Bangalore,Elite Cars
102,5004,203,951500,1,20230102,2,1,2023,Bangalore,Elite Cars
106,5016,205,2897500,2,20230102,2,1,2023,Delhi,Pearl Motors
101,5003,201,2585700,4,20230102,2,1,2023,Chennai,Prime Wheels
101,5001,202,3369700,4,20230102,2,1,2023,Chennai,Sri Motors
105,5013,206,1704900,1,20230103,3,1,2023,Mumbai,Horizon Motors
101,5001,204,9215400,8,20230103,3,1,2023,Chennai,Sri Motors
104,5009,202,4675900,6,20230104,4,1,2023,Hyderabad,Apex Motors
101,5018,202,3120400,4,20230104,4,1,2023,Chennai,Falcon Drive
101,5002,207,9314900,4,20230104,4,1,2023,Chennai,Galaxy Auto
104,5010,204,2367900,2,20230105,5,1,2023,Hyderabad,Crown Cars
106,5016,207,6836600,3,20230106,6,1,2023,Delhi,Pearl Motors
103,5019,205,1436600,1,20230106,6,1,2023,Kochi,Ace Motors
104,5010,202,1698400,2,20230106,6,1,2023,Hyderabad,Crown Cars
103,5019,201,1342400,2,20230106,6,1,2023,Kochi,Ace Motors
104,5011,206,5605900,3,20230106,6,1,2023,Hyderabad,Velocity Autos
105,5014,201,1259200,2,20230107,7,1,2023,Mumbai,Titan Automobiles
101,5003,204,3293800,3,20230107,7,1,2023,Chennai,Prime Wheels
101,5018,204,1165700,1,20230107,7,1,2023,Chennai,Falcon Drive
104,5011,203,972000,1,20230107,7,1,2023,Hyderabad,Velocity Autos
106,5016,201,625600,1,20230107,7,1,2023,Delhi,Pearl Motors
102,5005,204,2255200,2,20230108,8,1,2023,Bangalore,Royal Automobiles
106,5017,202,1595200,2,20230108,8,1,2023,Delhi,Skyline Autos
102,5004,208,12206700,4,20230110,10,1,2023,Bangalore,Elite Cars
103,5019,203,972400,1,20230110,10,1,2023,Kochi,Ace Motors
105,5012,202,2547600,3,20230110,10,1,2023,Mumbai,Green Wheels
105,5020,203,1813700,2,20230110,10,1,2023,Mumbai,Lotus Automobiles
102,5005,202,4113400,5,20230111,11,1,2023,Bangalore,Royal Automobiles
105,5014,205,8475500,6,20230111,11,1,2023,Mumbai,Titan Automobiles
105,5014,202,1555700,2,20230112,12,1,2023,Mumbai,Titan Automobiles
102,5005,204,1173400,1,20230113,13,1,2023,Bangalore,Royal Automobiles
105,5020,208,3304300,1,20230114,14,1,2023,Mumbai,Lotus Automobiles
104,5009,205,1453400,1,20230115,15,1,2023,Hyderabad,Apex Motors
103,5019,208,19858400,6,20230115,15,1,2023,Kochi,Ace Motors
104,5010,203,979700,1,20230115,15,1,2023,Hyderabad,Crown Cars
101,5002,207,4362900,2,20230116,16,1,2023,Chennai,Galaxy Auto
105,5012,204,2271000,2,20230116,16,1,2023,Mumbai,Green Wheels
106,5015,205,1318700,1,20230117,17,1,2023,Delhi,Zenith Cars
101,5003,201,3184900,5,20230117,17,1,2023,Chennai,Prime Wheels
101,5002,204,3497500,3,20230117,17,1,2023,Chennai,Galaxy Auto
102,5006,205,5300500,4,20230117,17,1,2023,Bangalore,Sun Motors
104,5009,204,2202900,2,20230117,17,1,2023,Hyderabad,Apex Motors
102,5006,203,1905500,2,20230117,17,1,2023,Bangalore,Sun Motors
104,5009,208,9813500,3,20230118,18,1,2023,Hyderabad,Apex Motors
106,5015,201,1837600,3,20230119,19,1,2023,Delhi,Zenith Cars
104,5009,201,2005000,3,20230119,19,1,2023,Hyderabad,Apex Motors
106,5017,203,900800,1,20230119,19,1,2023,Delhi,Skyline Autos
105,5013,207,4760100,2,20230119,19,1,2023,Mumbai,Horizon Motors
103,5019,201,1850300,3,20230120,20,1,2023,Kochi,Ace Motors
102,5005,201,648700,1,20230121,21,1,2023,Bangalore,Royal Automobiles
103,5008,201,2026900,3,20230122,22,1,2023,Kochi,Star Drive
105,5012,204,4565600,4,20230122,22,1,2023,Mumbai,Green Wheels
105,5013,205,1378400,1,20230122,22,1,2023,Mumbai,Horizon Motors
106,5016,204,3463100,3,20230122,22,1,2023,Delhi,Pearl Motors
105,5012,202,2378200,3,20230123,23,1,2023,Mumbai,Green Wheels
104,5009,204,1167900,1,20230123,23,1,2023,Hyderabad,Apex Motors
103,5007,207,4737500,2,20230123,23,1,2023,Kochi,Metro Auto Hub
101,5001,204,4754200,4,20230124,24,1,2023,Chennai,Sri Motors
104,5011,206,3612600,2,20230124,24,1,2023,Hyderabad,Velocity Autos
103,5019,202,1582100,2,20230124,24,1,2023,Kochi,Ace Motors
106,5015,203,2897200,3,20230125,25,1,2023,Delhi,Zenith Cars
102,5005,201,1907200,3,20230125,25,1,2023,Bangalore,Royal Automobiles
103,5007,205,1383700,1,20230126,26,1,2023,Kochi,Metro Auto Hub
105,5020,208,9583200,3,20230127,27,1,2023,Mumbai,Lotus Automobiles
105,5020,201,2483600,4,20230127,27,1,2023,Mumbai,Lotus Automobiles
104,5011,201,641200,1,20230128,28,1,2023,Hyderabad,Velocity Autos
106,5015,202,2354500,3,20230128,28,1,2023,Delhi,Zenith Cars
103,5007,204,3471000,3,20230128,28,1,2023,Kochi,Metro Auto Hub
104,5011,201,646000,1,20230129,29,1,2023,Hyderabad,Velocity Autos
105,5012,201,2621500,4,20230129,29,1,2023,Mumbai,Green Wheels
101,5001,205,4285300,3,20230130,30,1,2023,Chennai,Sri Motors
101,5002,204,1186500,1,20230130,30,1,2023,Chennai,Galaxy Auto
105,5013,203,1843800,2,20230130,30,1,2023,Mumbai,Horizon Motors
102,5005,204,2235300,2,20230130,30,1,2023,Bangalore,Royal Automobiles
105,5014,201,1970900,3,20230131,31,1,2023,Mumbai,Titan Automobiles
105,5014,202,810200,1,20230131,31,1,2023,Mumbai,Titan Automobiles
104,5011,203,1795400,2,20230201,1,2,2023,Hyderabad,Velocity Autos
102,5006,201,630500,1,20230201,1,2,2023,Bangalore,Sun Motors
102,5004,201,635100,1,20230201,1,2,2023,Bangalore,Elite Cars
105,5012,204,1188600,1,20230201,1,2,2023,Mumbai,Green Wheels
101,5003,202,803700,1,20230202,2,2,2023,Chennai,Prime Wheels
106,5017,201,666900,1,20230202,2,2,2023,Delhi,Skyline Autos
101,5001,201,1311200,2,20230202,2,2,2023,Chennai,Sri Motors
103,5019,203,4681000,5,20230203,3,2,2023,Kochi,Ace Motors
106,5015,204,1105300,1,20230203,3,2,2023,Delhi,Zenith Cars
105,5020,201,657900,1,20230203,3,2,2023,Mumbai,Lotus Automobiles
105,5013,203,3577500,4,20230203,3,2,2023,Mumbai,Horizon Motors
106,5017,203,2807500,3,20230203,3,2,2023,Delhi,Skyline Autos
103,5008,207,2382700,1,20230204,4,2,2023,Kochi,Star Drive
106,5015,204,1170600,1,20230204,4,2,2023,Delhi,Zenith Cars
102,5004,201,1838000,3,20230205,5,2,2023,Bangalore,Elite Cars
103,5019,202,1577600,2,20230205,5,2,2023,Kochi,Ace Motors
105,5013,204,1106000,1,20230205,5,2,2023,Mumbai,Horizon Motors
105,5012,208,3027400,1,20230205,5,2,2023,Mumbai,Green Wheels
105,5013,202,6503800,8,20230206,6,2,2023,Mumbai,Horizon Motors
104,5011,206,18284200,10,20230206,6,2,2023,Hyderabad,Velocity Autos
105,5020,203,4852900,5,20230207,7,2,2023,Mumbai,Lotus Automobiles
105,5014,203,901000,1,20230208,8,2,2023,Mumbai,Titan Automobiles
102,5004,207,2373400,1,20230208,8,2,2023,Bangalore,Elite Cars
101,5003,201,612800,1,20230208,8,2,2023,Chennai,Prime Wheels
102,5005,202,824200,1,20230209,9,2,2023,Bangalore,Royal Automobiles
105,5014,201,2690800,4,20230210,10,2,2023,Mumbai,Titan Automobiles
102,5006,202,4145800,5,20230210,10,2,2023,Bangalore,Sun Motors
104,5009,204,1128700,1,20230210,10,2,2023,Hyderabad,Apex Motors
101,5003,203,4868100,5,20230211,11,2,2023,Chennai,Prime Wheels
106,5015,206,1694600,1,20230211,11,2,2023,Delhi,Zenith Cars
101,5018,204,3562400,3,20230211,11,2,2023,Chennai,Falcon Drive
106,5017,202,823700,1,20230211,11,2,2023,Delhi,Skyline Autos
106,5016,208,6056300,2,20230211,11,2,2023,Delhi,Pearl Motors
106,5016,204,1152900,1,20230212,12,2,2023,Delhi,Pearl Motors
104,5010,203,1879700,2,20230212,12,2,2023,Hyderabad,Crown Cars
106,5015,205,8475800,6,20230213,13,2,2023,Delhi,Zenith Cars
105,5014,202,3147300,4,20230213,13,2,2023,Mumbai,Titan Automobiles
105,5020,201,1326500,2,20230213,13,2,2023,Mumbai,Lotus Automobiles
105,5020,206,10727500,6,20230213,13,2,2023,Mumbai,Lotus Automobiles
102,5004,204,3571500,3,20230214,14,2,2023,Bangalore,Elite Cars
105,5014,203,1891600,2,20230214,14,2,2023,Mumbai,Titan Automobiles
105,5013,205,5415400,4,20230214,14,2,2023,Mumbai,Horizon Motors
101,5002,201,2662800,4,20230215,15,2,2023,Chennai,Galaxy Auto
103,5008,208,3306100,1,20230215,15,2,2023,Kochi,Star Drive
102,5005,203,5424600,6,20230215,15,2,2023,Bangalore,Royal Automobiles
105,5014,204,1094600,1,20230216,16,2,2023,Mumbai,Titan Automobiles
101,5003,206,1692200,1,20230216,16,2,2023,Chennai,Prime Wheels
101,5018,205,5784400,4,20230217,17,2,2023,Chennai,Falcon Drive
103,5019,203,9664500,10,20230217,17,2,2023,Kochi,Ace Motors
105,5014,204,2175900,2,20230217,17,2,2023,Mumbai,Titan Automobiles
105,5014,203,946800,1,20230218,18,2,2023,Mumbai,Titan Automobiles
101,5001,201,1279400,2,20230218,18,2,2023,Chennai,Sri Motors
101,5001,202,1562200,2,20230218,18,2,2023,Chennai,Sri Motors
106,5015,204,1155000,1,20230218,18,2,2023,Delhi,Zenith Cars
106,5016,203,961700,1,20230218,18,2,2023,Delhi,Pearl Motors
106,5016,201,1347700,2,20230218,18,2,2023,Delhi,Pearl Motors
101,5003,208,3168300,1,20230218,18,2,2023,Chennai,Prime Wheels
104,5010,202,793400,1,20230218,18,2,2023,Hyderabad,Crown Cars
104,5009,206,18428900,10,20230219,19,2,2023,Hyderabad,Apex Motors
105,5013,206,5451200,3,20230220,20,2,2023,Mumbai,Horizon Motors
102,5006,204,2323400,2,20230220,20,2,2023,Bangalore,Sun Motors
105,5012,206,1746900,1,20230221,21,2,2023,Mumbai,Green Wheels
101,5003,202,804900,1,20230221,21,2,2023,Chennai,Prime Wheels
105,5012,202,3258500,4,20230222,22,2,2023,Mumbai,Green Wheels
101,5003,206,5334800,3,20230222,22,2,2023,Chennai,Prime Wheels
101,5002,207,11088600,5,20230222,22,2,2023,Chennai,Galaxy Auto
105,5020,201,1273100,2,20230222,22,2,2023,Mumbai,Lotus Automobiles
101,5003,203,893500,1,20230222,22,2,2023,Chennai,Prime Wheels
101,5018,203,1872800,2,20230223,23,2,2023,Chennai,Falcon Drive
102,5006,208,3122900,1,20230223,23,2,2023,Bangalore,Sun Motors
101,5001,206,1851100,1,20230223,23,2,2023,Chennai,Sri Motors
104,5010,203,3733800,4,20230223,23,2,2023,Hyderabad,Crown Cars
103,5007,204,1086100,1,20230223,23,2,2023,Kochi,Metro Auto Hub
103,5008,208,3189700,1,20230223,23,2,2023,Kochi,Star Drive
105,5013,202,2557600,3,20230223,23,2,2023,Mumbai,Horizon Motors
103,5007,205,2806000,2,20230224,24,2,2023,Kochi,Metro Auto Hub
101,5003,201,613100,1,20230224,24,2,2023,Chennai,Prime Wheels
106,5015,205,1397200,1,20230224,24,2,2023,Delhi,Zenith Cars
102,5004,207,4397000,2,20230225,25,2,2023,Bangalore,Elite Cars
105,5013,202,3130500,4,20230225,25,2,2023,Mumbai,Horizon Motors
105,5014,202,8316200,10,20230225,25,2,2023,Mumbai,Titan Automobiles
106,5016,201,652700,1,20230225,25,2,2023,Delhi,Pearl Motors
105,5012,202,1671800,2,20230226,26,2,2023,Mumbai,Green Wheels
101,5018,201,1956600,3,20230226,26,2,2023,Chennai,Falcon Drive
105,5013,204,4394200,4,20230227,27,2,2023,Mumbai,Horizon Motors
105,5014,204,2185800,2,20230227,27,2,2023,Mumbai,Titan Automobiles
103,5007,203,5743500,6,20230227,27,2,2023,Kochi,Metro Auto Hub
106,5015,202,8495000,10,20230227,27,2,2023,Delhi,Zenith Cars
101,5001,201,658400,1,20230228,28,2,2023,Chennai,Sri Motors
101,5018,202,849700,1,20230228,28,2,2023,Chennai,Falcon Drive
105,5013,205,4137300,3,20230228,28,2,2023,Mumbai,Horizon Motors
103,5008,206,5241100,3,20230301,1,3,2023,Kochi,Star Drive
105,5013,203,3918100,4,20230301,1,3,2023,Mumbai,Horizon Motors
103,5019,201,2603600,4,20230301,1,3,2023,Kochi,Ace Motors
103,5008,206,5578100,3,20230302,2,3,2023,Kochi,Star Drive
105,5013,208,9494300,3,20230302,2,3,2023,Mumbai,Horizon Motors
105,5014,204,3371500,3,20230302,2,3,2023,Mumbai,Titan Automobiles
105,5012,204,2182900,2,20230302,2,3,2023,Mumbai,Green Wheels
103,5008,202,781000,1,20230302,2,3,2023,Kochi,Star Drive
103,5008,204,11813800,10,20230302,2,3,2023,Kochi,Star Drive
104,5010,201,1334200,2,20230303,3,3,2023,Hyderabad,Crown Cars
106,5015,201,1922600,3,20230304,4,3,2023,Delhi,Zenith Cars
101,5003,203,1937000,2,20230304,4,3,2023,Chennai,Prime Wheels
106,5016,207,2290900,1,20230304,4,3,2023,Delhi,Pearl Motors
105,5013,204,2333000,2,20230304,4,3,2023,Mumbai,Horizon Motors
105,5012,203,979600,1,20230304,4,3,2023,Mumbai,Green Wheels
105,5014,208,24966500,8,20230304,4,3,2023,Mumbai,Titan Automobiles
102,5005,203,5376700,6,20230305,5,3,2023,Bangalore,Royal Automobiles
101,5002,205,1336100,1,20230306,6,3,2023,Chennai,Galaxy Auto
103,5019,201,2613500,4,20230306,6,3,2023,Kochi,Ace Motors
105,5020,203,956500,1,20230306,6,3,2023,Mumbai,Lotus Automobiles
104,5009,203,2807600,3,20230306,6,3,2023,Hyderabad,Apex Motors
105,5014,203,3829100,4,20230306,6,3,2023,Mumbai,Titan Automobiles
101,5002,203,5675400,6,20230306,6,3,2023,Chennai,Galaxy Auto
106,5017,205,4016300,3,20230306,6,3,2023,Delhi,Skyline Autos
104,5009,206,1861500,1,20230306,6,3,2023,Hyderabad,Apex Motors
104,5010,204,8689000,8,20230307,7,3,2023,Hyderabad,Crown Cars
101,5003,201,6333700,10,20230307,7,3,2023,Chennai,Prime Wheels
101,5003,202,2505100,3,20230307,7,3,2023,Chennai,Prime Wheels
102,5004,204,2218000,2,20230307,7,3,2023,Bangalore,Elite Cars
103,5019,205,2843500,2,20230308,8,3,2023,Kochi,Ace Motors
101,5003,203,913700,1,20230308,8,3,2023,Chennai,Prime Wheels
106,5016,205,2863300,2,20230308,8,3,2023,Delhi,Pearl Motors
101,5003,203,1888500,2,20230308,8,3,2023,Chennai,Prime Wheels
101,5001,203,1890300,2,20230308,8,3,2023,Chennai,Sri Motors
105,5014,207,4468000,2,20230309,9,3,2023,Mumbai,Titan Automobiles
103,5008,205,1447900,1,20230309,9,3,2023,Kochi,Star Drive
104,5010,206,1721300,1,20230309,9,3,2023,Hyderabad,Crown Cars
101,5001,206,3536500,2,20230309,9,3,2023,Chennai,Sri Motors
102,5006,207,9030300,4,20230309,9,3,2023,Bangalore,Sun Motors
102,5006,202,835900,1,20230310,10,3,2023,Bangalore,Sun Motors
105,5014,201,652500,1,20230310,10,3,2023,Mumbai,Titan Automobiles
101,5003,204,3547400,3,20230310,10,3,2023,Chennai,Prime Wheels
106,5017,206,10496800,6,20230310,10,3,2023,Delhi,Skyline Autos
102,5004,203,941300,1,20230310,10,3,2023,Bangalore,Elite Cars
101,5003,204,1160000,1,20230311,11,3,2023,Chennai,Prime Wheels
106,5017,204,1152500,1,20230312,12,3,2023,Delhi,Skyline Autos
102,5006,202,790000,1,20230312,12,3,2023,Bangalore,Sun Motors
104,5011,205,1400200,1,20230312,12,3,2023,Hyderabad,Velocity Autos
103,5019,206,5593800,3,20230312,12,3,2023,Kochi,Ace Motors
103,5019,208,3086200,1,20230312,12,3,2023,Kochi,Ace Motors
105,5014,202,6488400,8,20230312,12,3,2023,Mumbai,Titan Automobiles
106,5017,201,653000,1,20230313,13,3,2023,Delhi,Skyline Autos
103,5007,203,2939500,3,20230313,13,3,2023,Kochi,Metro Auto Hub
102,5004,204,1102800,1,20230314,14,3,2023,Bangalore,Elite Cars
101,5018,201,1341300,2,20230314,14,3,2023,Chennai,Falcon Drive
101,5018,207,10833100,5,20230314,14,3,2023,Chennai,Falcon Drive
101,5003,203,4533600,5,20230315,15,3,2023,Chennai,Prime Wheels
105,5013,203,897500,1,20230315,15,3,2023,Mumbai,Horizon Motors
102,5004,206,5558500,3,20230315,15,3,2023,Bangalore,Elite Cars
105,5012,203,1861700,2,20230315,15,3,2023,Mumbai,Green Wheels
102,5006,205,4179500,3,20230315,15,3,2023,Bangalore,Sun Motors
106,5016,202,775500,1,20230315,15,3,2023,Delhi,Pearl Motors
102,5004,207,2162700,1,20230315,15,3,2023,Bangalore,Elite Cars
105,5014,207,4683200,2,20230316,16,3,2023,Mumbai,Titan Automobiles
104,5011,205,1431200,1,20230316,16,3,2023,Hyderabad,Velocity Autos
106,5017,206,1775100,1,20230316,16,3,2023,Delhi,Skyline Autos
104,5010,203,2717600,3,20230316,16,3,2023,Hyderabad,Crown Cars
101,5001,203,7693700,8,20230317,17,3,2023,Chennai,Sri Motors
104,5009,205,2787300,2,20230317,17,3,2023,Hyderabad,Apex Motors
103,5007,208,13019500,4,20230317,17,3,2023,Kochi,Metro Auto Hub
106,5017,202,4678600,6,20230318,18,3,2023,Delhi,Skyline Autos
106,5016,201,654800,1,20230318,18,3,2023,Delhi,Pearl Motors
101,5003,202,838200,1,20230318,18,3,2023,Chennai,Prime Wheels
102,5005,207,2324700,1,20230318,18,3,2023,Bangalore,Royal Automobiles
105,5013,207,2364500,1,20230318,18,3,2023,Mumbai,Horizon Motors
102,5005,201,654200,1,20230319,19,3,2023,Bangalore,Royal Automobiles
105,5013,201,1916600,3,20230319,19,3,2023,Mumbai,Horizon Motors
102,5004,206,13992700,8,20230319,19,3,2023,Bangalore,Elite Cars
102,5006,201,624700,1,20230319,19,3,2023,Bangalore,Sun Motors
103,5019,203,5405100,6,20230320,20,3,2023,Kochi,Ace Motors
104,5009,205,5458600,4,20230320,20,3,2023,Hyderabad,Apex Motors
102,5004,206,6977900,4,20230321,21,3,2023,Bangalore,Elite Cars
101,5001,204,4353200,4,20230321,21,3,2023,Chennai,Sri Motors
104,5011,201,628300,1,20230321,21,3,2023,Hyderabad,Velocity Autos
105,5020,202,2407300,3,20230321,21,3,2023,Mumbai,Lotus Automobiles
106,5016,207,2366800,1,20230322,22,3,2023,Delhi,Pearl Motors
105,5020,207,4345400,2,20230322,22,3,2023,Mumbai,Lotus Automobiles
101,5001,204,4371900,4,20230322,22,3,2023,Chennai,Sri Motors
105,5014,207,4348100,2,20230323,23,3,2023,Mumbai,Titan Automobiles
105,5020,202,2340000,3,20230323,23,3,2023,Mumbai,Lotus Automobiles
101,5018,204,2295900,2,20230324,24,3,2023,Chennai,Falcon Drive
106,5017,203,1793600,2,20230324,24,3,2023,Delhi,Skyline Autos
104,5011,203,1864600,2,20230324,24,3,2023,Hyderabad,Velocity Autos
105,5020,201,2574300,4,20230324,24,3,2023,Mumbai,Lotus Automobiles
101,5002,205,1427800,1,20230325,25,3,2023,Chennai,Galaxy Auto
102,5005,207,6633800,3,20230325,25,3,2023,Bangalore,Royal Automobiles
103,5019,201,1338300,2,20230325,25,3,2023,Kochi,Ace Motors
105,5013,204,1145700,1,20230325,25,3,2023,Mumbai,Horizon Motors
106,5015,202,2419700,3,20230325,25,3,2023,Delhi,Zenith Cars
101,5018,204,2360800,2,20230325,25,3,2023,Chennai,Falcon Drive
105,5020,203,1910300,2,20230325,25,3,2023,Mumbai,Lotus Automobiles
106,5016,205,4085000,3,20230326,26,3,2023,Delhi,Pearl Motors
106,5015,204,9269400,8,20230327,27,3,2023,Delhi,Zenith Cars
103,5007,205,3990200,3,20230327,27,3,2023,Kochi,Metro Auto Hub
103,5008,204,9559300,8,20230327,27,3,2023,Kochi,Star Drive
103,5007,204,1178400,1,20230327,27,3,2023,Kochi,Metro Auto Hub
106,5015,207,4568000,2,20230328,28,3,2023,Delhi,Zenith Cars
102,5004,204,3466700,3,20230328,28,3,2023,Bangalore,Elite Cars
102,5005,203,1890300,2,20230328,28,3,2023,Bangalore,Royal Automobiles
101,5002,202,834400,1,20230328,28,3,2023,Chennai,Galaxy Auto
102,5004,206,3599300,2,20230329,29,3,2023,Bangalore,Elite Cars
105,5013,201,629900,1,20230329,29,3,2023,Mumbai,Horizon Motors
105,5020,206,6888000,4,20230330,30,3,2023,Mumbai,Lotus Automobiles
106,5015,205,1332600,1,20230330,30,3,2023,Delhi,Zenith Cars
103,5007,202,1668900,2,20230330,30,3,2023,Kochi,Metro Auto Hub
101,5018,204,4549500,4,20230330,30,3,2023,Chennai,Falcon Drive
102,5006,204,1187700,1,20230330,30,3,2023,Bangalore,Sun Motors
103,5008,201,651000,1,20230330,30,3,2023,Kochi,Star Drive
105,5020,207,4474300,2,20230330,30,3,2023,Mumbai,Lotus Automobiles
105,5014,205,2899700,2,20230330,30,3,2023,Mumbai,Titan Automobiles
103,5019,202,1693400,2,20230331,31,3,2023,Kochi,Ace Motors
102,5006,207,9134100,4,20230331,31,3,2023,Bangalore,Sun Motors
103,5007,202,3363600,4,20230401,1,4,2023,Kochi,Metro Auto Hub
101,5018,205,4294700,3,20230401,1,4,2023,Chennai,Falcon Drive
104,5010,201,637600,1,20230401,1,4,2023,Hyderabad,Crown Cars
105,5014,204,1081500,1,20230402,2,4,2023,Mumbai,Titan Automobiles
103,5007,206,1836100,1,20230402,2,4,2023,Kochi,Metro Auto Hub
104,5009,206,1792600,1,20230403,3,4,2023,Hyderabad,Apex Motors
106,5015,201,1317200,2,20230404,4,4,2023,Delhi,Zenith Cars
102,5005,205,6776400,5,20230404,4,4,2023,Bangalore,Royal Automobiles
104,5009,204,1186800,1,20230404,4,4,2023,Hyderabad,Apex Motors
103,5019,201,657900,1,20230405,5,4,2023,Kochi,Ace Motors
105,5013,203,2682800,3,20230405,5,4,2023,Mumbai,Horizon Motors
102,5004,204,9424300,8,20230406,6,4,2023,Bangalore,Elite Cars
106,5017,204,5577600,5,20230406,6,4,2023,Delhi,Skyline Autos
106,5017,202,824200,1,20230406,6,4,2023,Delhi,Skyline Autos
105,5014,202,835200,1,20230406,6,4,2023,Mumbai,Titan Automobiles
101,5001,202,1666300,2,20230407,7,4,2023,Chennai,Sri Motors
103,5007,204,4617700,4,20230408,8,4,2023,Kochi,Metro Auto Hub
102,5005,208,6413300,2,20230408,8,4,2023,Bangalore,Royal Automobiles
105,5012,208,3183600,1,20230409,9,4,2023,Mumbai,Green Wheels
102,5006,206,1813600,1,20230409,9,4,2023,Bangalore,Sun Motors
104,5010,201,632500,1,20230409,9,4,2023,Hyderabad,Crown Cars
106,5016,202,1652000,2,20230409,9,4,2023,Delhi,Pearl Motors
103,5019,207,4604600,2,20230409,9,4,2023,Kochi,Ace Motors
101,5018,203,1793200,2,20230409,9,4,2023,Chennai,Falcon Drive
101,5001,203,4802800,5,20230410,10,4,2023,Chennai,Sri Motors
102,5005,201,1315800,2,20230410,10,4,2023,Bangalore,Royal Automobiles
101,5003,203,1788900,2,20230411,11,4,2023,Chennai,Prime Wheels
102,5005,206,1824300,1,20230412,12,4,2023,Bangalore,Royal Automobiles
102,5004,203,968300,1,20230412,12,4,2023,Bangalore,Elite Cars
106,5016,203,922700,1,20230413,13,4,2023,Delhi,Pearl Motors
105,5020,203,1884200,2,20230413,13,4,2023,Mumbai,Lotus Automobiles
105,5013,201,633200,1,20230414,14,4,2023,Mumbai,Horizon Motors
106,5015,204,1127000,1,20230414,14,4,2023,Delhi,Zenith Cars
105,5013,201,1288000,2,20230414,14,4,2023,Mumbai,Horizon Motors
101,5003,207,6804900,3,20230414,14,4,2023,Chennai,Prime Wheels
101,5003,201,1249600,2,20230414,14,4,2023,Chennai,Prime Wheels
103,5019,206,7137000,4,20230414,14,4,2023,Kochi,Ace Motors
106,5017,204,1144400,1,20230414,14,4,2023,Delhi,Skyline Autos
106,5016,205,5479500,4,20230415,15,4,2023,Delhi,Pearl Motors
101,5018,204,3516100,3,20230416,16,4,2023,Chennai,Falcon Drive
105,5020,201,5138600,8,20230416,16,4,2023,Mumbai,Lotus Automobiles
104,5011,201,1296300,2,20230416,16,4,2023,Hyderabad,Velocity Autos
105,5013,202,2553800,3,20230417,17,4,2023,Mumbai,Horizon Motors
104,5011,204,1145100,1,20230417,17,4,2023,Hyderabad,Velocity Autos
106,5015,201,3119500,5,20230417,17,4,2023,Delhi,Zenith Cars
101,5003,201,1944600,3,20230418,18,4,2023,Chennai,Prime Wheels
102,5006,201,654100,1,20230418,18,4,2023,Bangalore,Sun Motors
103,5008,203,7342000,8,20230418,18,4,2023,Kochi,Star Drive
102,5005,205,1446600,1,20230419,19,4,2023,Bangalore,Royal Automobiles
106,5015,201,4055600,6,20230419,19,4,2023,Delhi,Zenith Cars
103,5007,204,8951100,8,20230419,19,4,2023,Kochi,Metro Auto Hub
105,5014,201,1977500,3,20230419,19,4,2023,Mumbai,Titan Automobiles
103,5008,201,1982900,3,20230419,19,4,2023,Kochi,Star Drive
103,5007,204,6629900,6,20230419,19,4,2023,Kochi,Metro Auto Hub
104,5009,208,16448700,5,20230420,20,4,2023,Hyderabad,Apex Motors
102,5005,204,1125900,1,20230420,20,4,2023,Bangalore,Royal Automobiles
102,5005,203,901900,1,20230421,21,4,2023,Bangalore,Royal Automobiles
102,5006,203,2781300,3,20230421,21,4,2023,Bangalore,Sun Motors
105,5012,205,2759100,2,20230421,21,4,2023,Mumbai,Green Wheels
102,5006,203,983100,1,20230421,21,4,2023,Bangalore,Sun Motors
101,5018,205,5471200,4,20230421,21,4,2023,Chennai,Falcon Drive
106,5017,201,5281400,8,20230421,21,4,2023,Delhi,Skyline Autos
105,5012,202,812700,1,20230421,21,4,2023,Mumbai,Green Wheels
101,5001,204,1097800,1,20230421,21,4,2023,Chennai,Sri Motors
101,5003,205,5450400,4,20230421,21,4,2023,Chennai,Prime Wheels
106,5016,202,1621100,2,20230422,22,4,2023,Delhi,Pearl Motors
105,5020,202,814700,1,20230422,22,4,2023,Mumbai,Lotus Automobiles
106,5015,205,1453000,1,20230423,23,4,2023,Delhi,Zenith Cars
106,5015,204,9023000,8,20230423,23,4,2023,Delhi,Zenith Cars
101,5018,204,2334200,2,20230423,23,4,2023,Chennai,Falcon Drive
102,5004,207,2172000,1,20230424,24,4,2023,Bangalore,Elite Cars
106,5016,205,8540800,6,20230424,24,4,2023,Delhi,Pearl Motors
105,5014,201,2617600,4,20230424,24,4,2023,Mumbai,Titan Automobiles
105,5012,201,3290800,5,20230424,24,4,2023,Mumbai,Green Wheels
103,5007,201,1300400,2,20230425,25,4,2023,Kochi,Metro Auto Hub
104,5011,204,1085400,1,20230425,25,4,2023,Hyderabad,Velocity Autos
105,5020,201,1236400,2,20230425,25,4,2023,Mumbai,Lotus Automobiles
103,5007,201,654900,1,20230425,25,4,2023,Kochi,Metro Auto Hub
102,5004,207,2204200,1,20230425,25,4,2023,Bangalore,Elite Cars
101,5003,207,6512400,3,20230425,25,4,2023,Chennai,Prime Wheels
103,5019,202,1556600,2,20230426,26,4,2023,Kochi,Ace Motors
106,5016,204,4374300,4,20230426,26,4,2023,Delhi,Pearl Motors
105,5012,202,3954400,5,20230426,26,4,2023,Mumbai,Green Wheels
103,5019,201,613500,1,20230426,26,4,2023,Kochi,Ace Motors
102,5004,202,1613300,2,20230426,26,4,2023,Bangalore,Elite Cars
102,5006,201,640200,1,20230426,26,4,2023,Bangalore,Sun Motors
106,5016,201,611400,1,20230426,26,4,2023,Delhi,Pearl Motors
103,5008,204,2201200,2,20230426,26,4,2023,Kochi,Star Drive
103,5008,203,2801300,3,20230427,27,4,2023,Kochi,Star Drive
104,5011,205,8507900,6,20230427,27,4,2023,Hyderabad,Velocity Autos
105,5020,201,662700,1,20230427,27,4,2023,Mumbai,Lotus Automobiles
106,5016,204,5900900,5,20230427,27,4,2023,Delhi,Pearl Motors
105,5014,202,4155100,5,20230427,27,4,2023,Mumbai,Titan Automobiles
101,5002,202,823100,1,20230427,27,4,2023,Chennai,Galaxy Auto
103,5007,208,3275500,1,20230428,28,4,2023,Kochi,Metro Auto Hub
105,5020,204,1094400,1,20230428,28,4,2023,Mumbai,Lotus Automobiles
105,5014,202,4011700,5,20230428,28,4,2023,Mumbai,Titan Automobiles
106,5015,205,2764400,2,20230429,29,4,2023,Delhi,Zenith Cars
102,5005,208,3162100,1,20230429,29,4,2023,Bangalore,Royal Automobiles
103,5007,202,842600,1,20230429,29,4,2023,Kochi,Metro Auto Hub
105,5013,208,9758900,3,20230429,29,4,2023,Mumbai,Horizon Motors
101,5003,206,8688600,5,20230430,30,4,2023,Chennai,Prime Wheels
106,5015,207,2256400,1,20230430,30,4,2023,Delhi,Zenith Cars
103,5019,204,5565300,5,20230430,30,4,2023,Kochi,Ace Motors
102,5006,204,2292100,2,20230430,30,4,2023,Bangalore,Sun Motors
105,5013,203,1965500,2,20230501,1,5,2023,Mumbai,Horizon Motors
103,5008,201,1332000,2,20230501,1,5,2023,Kochi,Star Drive
103,5019,204,4394800,4,20230502,2,5,2023,Kochi,Ace Motors
101,5001,208,6575900,2,20230502,2,5,2023,Chennai,Sri Motors
104,5011,205,4331300,3,20230502,2,5,2023,Hyderabad,Velocity Autos
105,5013,203,1929300,2,20230503,3,5,2023,Mumbai,Horizon Motors
106,5016,201,627900,1,20230503,3,5,2023,Delhi,Pearl Motors
106,5017,202,1594000,2,20230503,3,5,2023,Delhi,Skyline Autos
104,5009,207,7000200,3,20230503,3,5,2023,Hyderabad,Apex Motors
102,5005,202,4728900,6,20230503,3,5,2023,Bangalore,Royal Automobiles
103,5008,203,1883700,2,20230503,3,5,2023,Kochi,Star Drive
106,5015,204,3430100,3,20230503,3,5,2023,Delhi,Zenith Cars
104,5011,204,1164900,1,20230504,4,5,2023,Hyderabad,Velocity Autos
105,5014,203,2738600,3,20230504,4,5,2023,Mumbai,Titan Automobiles
101,5002,205,5438900,4,20230504,4,5,2023,Chennai,Galaxy Auto
102,5004,207,4735000,2,20230504,4,5,2023,Bangalore,Elite Cars
104,5010,206,7301900,4,20230505,5,5,2023,Hyderabad,Crown Cars
101,5003,202,1576500,2,20230505,5,5,2023,Chennai,Prime Wheels
101,5002,203,1879800,2,20230505,5,5,2023,Chennai,Galaxy Auto
104,5010,207,2247600,1,20230505,5,5,2023,Hyderabad,Crown Cars
103,5007,202,2312900,3,20230506,6,5,2023,Kochi,Metro Auto Hub
102,5005,203,978700,1,20230507,7,5,2023,Bangalore,Royal Automobiles
103,5019,203,9085500,10,20230507,7,5,2023,Kochi,Ace Motors
101,5018,201,648900,1,20230507,7,5,2023,Chennai,Falcon Drive
102,5004,204,1172300,1,20230507,7,5,2023,Bangalore,Elite Cars
105,5012,201,2667500,4,20230507,7,5,2023,Mumbai,Green Wheels
106,5017,208,3008000,1,20230508,8,5,2023,Delhi,Skyline Autos
104,5009,204,1093400,1,20230508,8,5,2023,Hyderabad,Apex Motors
105,5012,207,6505500,3,20230509,9,5,2023,Mumbai,Green Wheels
106,5017,203,1814800,2,20230509,9,5,2023,Delhi,Skyline Autos
102,5006,205,2763800,2,20230509,9,5,2023,Bangalore,Sun Motors
106,5016,201,1281500,2,20230509,9,5,2023,Delhi,Pearl Motors
101,5001,203,3865800,4,20230510,10,5,2023,Chennai,Sri Motors
106,5016,203,1854400,2,20230510,10,5,2023,Delhi,Pearl Motors
101,5003,204,9224500,8,20230510,10,5,2023,Chennai,Prime Wheels
105,5020,206,1793900,1,20230510,10,5,2023,Mumbai,Lotus Automobiles
105,5013,205,1393900,1,20230511,11,5,2023,Mumbai,Horizon Motors
101,5001,204,3373700,3,20230511,11,5,2023,Chennai,Sri Motors
106,5016,202,824500,1,20230512,12,5,2023,Delhi,Pearl Motors
103,5019,206,14478400,8,20230512,12,5,2023,Kochi,Ace Motors
105,5013,203,3630400,4,20230512,12,5,2023,Mumbai,Horizon Motors
102,5004,204,1138300,1,20230513,13,5,2023,Bangalore,Elite Cars
102,5006,205,7968700,6,20230513,13,5,2023,Bangalore,Sun Motors
104,5011,202,847000,1,20230513,13,5,2023,Hyderabad,Velocity Autos
104,5010,204,2164200,2,20230514,14,5,2023,Hyderabad,Crown Cars
102,5005,202,1662900,2,20230514,14,5,2023,Bangalore,Royal Automobiles
104,5009,203,1862800,2,20230514,14,5,2023,Hyderabad,Apex Motors
103,5007,203,3930200,4,20230514,14,5,2023,Kochi,Metro Auto Hub
106,5015,201,2576200,4,20230514,14,5,2023,Delhi,Zenith Cars
106,5016,202,823700,1,20230515,15,5,2023,Delhi,Pearl Motors
102,5005,201,1302800,2,20230515,15,5,2023,Bangalore,Royal Automobiles
104,5011,202,1684900,2,20230515,15,5,2023,Hyderabad,Velocity Autos
105,5013,203,1875400,2,20230516,16,5,2023,Mumbai,Horizon Motors
104,5009,206,17947400,10,20230516,16,5,2023,Hyderabad,Apex Motors
105,5014,205,1330400,1,20230516,16,5,2023,Mumbai,Titan Automobiles
101,5018,206,3688300,2,20230516,16,5,2023,Chennai,Falcon Drive
101,5003,206,6906000,4,20230516,16,5,2023,Chennai,Prime Wheels
106,5017,203,2889400,3,20230516,16,5,2023,Delhi,Skyline Autos
105,5020,205,6932000,5,20230517,17,5,2023,Mumbai,Lotus Automobiles
101,5001,204,6720100,6,20230517,17,5,2023,Chennai,Sri Motors
105,5020,201,1295900,2,20230518,18,5,2023,Mumbai,Lotus Automobiles
103,5008,206,5150100,3,20230518,18,5,2023,Kochi,Star Drive
102,5006,202,3249600,4,20230518,18,5,2023,Bangalore,Sun Motors
102,5005,205,2879300,2,20230518,18,5,2023,Bangalore,Royal Automobiles
105,5020,202,1600900,2,20230520,20,5,2023,Mumbai,Lotus Automobiles
103,5019,206,13688400,8,20230521,21,5,2023,Kochi,Ace Motors
103,5007,203,1889000,2,20230521,21,5,2023,Kochi,Metro Auto Hub
103,5008,202,4886300,6,20230521,21,5,2023,Kochi,Star Drive
105,5012,206,3623500,2,20230521,21,5,2023,Mumbai,Green Wheels
101,5001,204,3338100,3,20230522,22,5,2023,Chennai,Sri Motors
102,5006,206,1848000,1,20230522,22,5,2023,Bangalore,Sun Motors
101,5003,201,2608100,4,20230522,22,5,2023,Chennai,Prime Wheels
104,5011,202,838000,1,20230522,22,5,2023,Hyderabad,Velocity Autos
102,5006,205,1330200,1,20230523,23,5,2023,Bangalore,Sun Motors
103,5019,203,4725800,5,20230523,23,5,2023,Kochi,Ace Motors
106,5017,204,4749000,4,20230523,23,5,2023,Delhi,Skyline Autos
104,5010,204,4535900,4,20230523,23,5,2023,Hyderabad,Crown Cars
102,5005,204,1151300,1,20230524,24,5,2023,Bangalore,Royal Automobiles
105,5013,201,3095900,5,20230525,25,5,2023,Mumbai,Horizon Motors
104,5009,201,1999500,3,20230525,25,5,2023,Hyderabad,Apex Motors
106,5016,203,984900,1,20230525,25,5,2023,Delhi,Pearl Motors
104,5010,201,1311500,2,20230526,26,5,2023,Hyderabad,Crown Cars
103,5019,208,3114900,1,20230526,26,5,2023,Kochi,Ace Motors
105,5014,201,5033700,8,20230526,26,5,2023,Mumbai,Titan Automobiles
101,5002,204,1187400,1,20230526,26,5,2023,Chennai,Galaxy Auto
102,5005,201,3135300,5,20230527,27,5,2023,Bangalore,Royal Automobiles
104,5010,208,12213300,4,20230527,27,5,2023,Hyderabad,Crown Cars
105,5013,205,4003800,3,20230527,27,5,2023,Mumbai,Horizon Motors
102,5005,203,969200,1,20230527,27,5,2023,Bangalore,Royal Automobiles
103,5007,202,4837500,6,20230527,27,5,2023,Kochi,Metro Auto Hub
105,5020,203,923400,1,20230528,28,5,2023,Mumbai,Lotus Automobiles
104,5009,202,5099200,6,20230528,28,5,2023,Hyderabad,Apex Motors
106,5016,204,6752700,6,20230528,28,5,2023,Delhi,Pearl Motors
106,5015,204,2196500,2,20230528,28,5,2023,Delhi,Zenith Cars
102,5005,202,4921900,6,20230528,28,5,2023,Bangalore,Royal Automobiles
105,5020,204,3263100,3,20230529,29,5,2023,Mumbai,Lotus Automobiles
103,5007,201,614200,1,20230531,31,5,2023,Kochi,Metro Auto Hub
101,5018,203,1816500,2,20230531,31,5,2023,Chennai,Falcon Drive
104,5011,204,6776800,6,20230531,31,5,2023,Hyderabad,Velocity Autos
104,5011,204,1133600,1,20230531,31,5,2023,Hyderabad,Velocity Autos
102,5005,201,657800,1,20230601,1,6,2023,Bangalore,Royal Automobiles
105,5013,203,4656900,5,20230602,2,6,2023,Mumbai,Horizon Motors
102,5005,208,3182700,1,20230602,2,6,2023,Bangalore,Royal Automobiles
105,5014,203,4690700,5,20230602,2,6,2023,Mumbai,Titan Automobiles
101,5018,202,851700,1,20230602,2,6,2023,Chennai,Falcon Drive
105,5020,208,9376600,3,20230602,2,6,2023,Mumbai,Lotus Automobiles
103,5019,204,1157100,1,20230602,2,6,2023,Kochi,Ace Motors
101,5001,202,6433200,8,20230602,2,6,2023,Chennai,Sri Motors
105,5020,203,1828600,2,20230603,3,6,2023,Mumbai,Lotus Automobiles
102,5004,203,907000,1,20230604,4,6,2023,Bangalore,Elite Cars
104,5011,206,3602400,2,20230605,5,6,2023,Hyderabad,Velocity Autos
105,5013,202,2552700,3,20230605,5,6,2023,Mumbai,Horizon Motors
102,5005,207,11730200,5,20230605,5,6,2023,Bangalore,Royal Automobiles
102,5005,208,3097400,1,20230606,6,6,2023,Bangalore,Royal Automobiles
102,5006,201,672400,1,20230607,7,6,2023,Bangalore,Sun Motors
105,5020,201,1324200,2,20230607,7,6,2023,Mumbai,Lotus Automobiles
104,5010,203,902200,1,20230607,7,6,2023,Hyderabad,Crown Cars
105,5013,202,6777500,8,20230607,7,6,2023,Mumbai,Horizon Motors
104,5011,204,8871400,8,20230607,7,6,2023,Hyderabad,Velocity Autos
106,5016,206,9263000,5,20230608,8,6,2023,Delhi,Pearl Motors
101,5002,205,1402900,1,20230608,8,6,2023,Chennai,Galaxy Auto
103,5007,205,1450400,1,20230608,8,6,2023,Kochi,Metro Auto Hub
106,5017,202,785800,1,20230608,8,6,2023,Delhi,Skyline Autos
102,5004,204,3485900,3,20230609,9,6,2023,Bangalore,Elite Cars
101,5002,203,3775500,4,20230609,9,6,2023,Chennai,Galaxy Auto
105,5014,208,18936300,6,20230609,9,6,2023,Mumbai,Titan Automobiles
105,5014,204,5578700,5,20230610,10,6,2023,Mumbai,Titan Automobiles
105,5012,202,1680400,2,20230610,10,6,2023,Mumbai,Green Wheels
103,5019,201,1932400,3,20230610,10,6,2023,Kochi,Ace Motors
104,5009,201,626400,1,20230611,11,6,2023,Hyderabad,Apex Motors
104,5011,203,981200,1,20230611,11,6,2023,Hyderabad,Velocity Autos
105,5020,207,14230600,6,20230611,11,6,2023,Mumbai,Lotus Automobiles
106,5016,206,1817800,1,20230612,12,6,2023,Delhi,Pearl Motors
104,5011,205,2846800,2,20230612,12,6,2023,Hyderabad,Velocity Autos
102,5005,201,1283600,2,20230612,12,6,2023,Bangalore,Royal Automobiles
102,5005,204,1090900,1,20230613,13,6,2023,Bangalore,Royal Automobiles
103,5019,202,4190400,5,20230613,13,6,2023,Kochi,Ace Motors
105,5012,203,2929100,3,20230613,13,6,2023,Mumbai,Green Wheels
104,5010,202,1665800,2,20230614,14,6,2023,Hyderabad,Crown Cars
101,5018,204,8698800,8,20230614,14,6,2023,Chennai,Falcon Drive
105,5020,205,1325000,1,20230614,14,6,2023,Mumbai,Lotus Automobiles
106,5017,202,776500,1,20230615,15,6,2023,Delhi,Skyline Autos
106,5015,208,3159400,1,20230615,15,6,2023,Delhi,Zenith Cars
106,5016,204,2339000,2,20230616,16,6,2023,Delhi,Pearl Motors
103,5007,203,3591200,4,20230616,16,6,2023,Kochi,Metro Auto Hub
105,5012,201,619300,1,20230617,17,6,2023,Mumbai,Green Wheels
104,5009,202,849200,1,20230617,17,6,2023,Hyderabad,Apex Motors
103,5008,204,5423500,5,20230617,17,6,2023,Kochi,Star Drive
101,5018,205,4201100,3,20230618,18,6,2023,Chennai,Falcon Drive
102,5004,201,1895100,3,20230618,18,6,2023,Bangalore,Elite Cars
104,5011,206,1743200,1,20230618,18,6,2023,Hyderabad,Velocity Autos
102,5005,203,2866200,3,20230618,18,6,2023,Bangalore,Royal Automobiles
105,5013,202,2417900,3,20230618,18,6,2023,Mumbai,Horizon Motors
103,5019,202,3095900,4,20230619,19,6,2023,Kochi,Ace Motors
103,5019,207,7065500,3,20230620,20,6,2023,Kochi,Ace Motors
105,5014,202,808500,1,20230621,21,6,2023,Mumbai,Titan Automobiles
103,5019,202,2360000,3,20230621,21,6,2023,Kochi,Ace Motors
104,5009,201,625400,1,20230621,21,6,2023,Hyderabad,Apex Motors
101,5018,206,7200200,4,20230622,22,6,2023,Chennai,Falcon Drive
101,5001,204,3328700,3,20230622,22,6,2023,Chennai,Sri Motors
103,5008,202,776200,1,20230622,22,6,2023,Kochi,Star Drive
101,5018,202,2528100,3,20230622,22,6,2023,Chennai,Falcon Drive
103,5007,204,5534600,5,20230623,23,6,2023,Kochi,Metro Auto Hub
101,5001,204,4574900,4,20230623,23,6,2023,Chennai,Sri Motors
106,5015,203,1893200,2,20230623,23,6,2023,Delhi,Zenith Cars
103,5008,204,1170600,1,20230623,23,6,2023,Kochi,Star Drive
102,5005,202,4029400,5,20230623,23,6,2023,Bangalore,Royal Automobiles
105,5020,205,4213800,3,20230624,24,6,2023,Mumbai,Lotus Automobiles
106,5016,201,1972200,3,20230624,24,6,2023,Delhi,Pearl Motors
105,5020,206,14942300,8,20230624,24,6,2023,Mumbai,Lotus Automobiles
105,5014,204,6981700,6,20230625,25,6,2023,Mumbai,Titan Automobiles
105,5012,205,1368000,1,20230625,25,6,2023,Mumbai,Green Wheels
105,5013,205,5332900,4,20230625,25,6,2023,Mumbai,Horizon Motors
106,5015,205,5581600,4,20230625,25,6,2023,Delhi,Zenith Cars
104,5009,208,3077100,1,20230625,25,6,2023,Hyderabad,Apex Motors
105,5012,205,2784800,2,20230625,25,6,2023,Mumbai,Green Wheels
106,5016,203,2692500,3,20230625,25,6,2023,Delhi,Pearl Motors
104,5009,202,845400,1,20230626,26,6,2023,Hyderabad,Apex Motors
101,5003,206,7302600,4,20230626,26,6,2023,Chennai,Prime Wheels
106,5015,204,1101400,1,20230626,26,6,2023,Delhi,Zenith Cars
103,5007,207,4747600,2,20230626,26,6,2023,Kochi,Metro Auto Hub
104,5010,203,894300,1,20230627,27,6,2023,Hyderabad,Crown Cars
103,5007,201,5031700,8,20230627,27,6,2023,Kochi,Metro Auto Hub
101,5003,202,776100,1,20230628,28,6,2023,Chennai,Prime Wheels
102,5004,206,10416600,6,20230628,28,6,2023,Bangalore,Elite Cars
106,5016,201,1842200,3,20230628,28,6,2023,Delhi,Pearl Motors
104,5011,204,5650800,5,20230629,29,6,2023,Hyderabad,Velocity Autos
104,5010,204,6583200,6,20230629,29,6,2023,Hyderabad,Crown Cars
103,5019,205,1331000,1,20230630,30,6,2023,Kochi,Ace Motors
105,5014,203,3591400,4,20230630,30,6,2023,Mumbai,Titan Automobiles
106,5015,205,4295400,3,20230630,30,6,2023,Delhi,Zenith Cars
106,5015,203,973000,1,20230630,30,6,2023,Delhi,Zenith Cars
104,5011,203,1949000,2,20230630,30,6,2023,Hyderabad,Velocity Autos
103,5019,202,1622300,2,20230630,30,6,2023,Kochi,Ace Motors
101,5001,205,4255500,3,20230701,1,7,2023,Chennai,Sri Motors
106,5015,203,3613400,4,20230701,1,7,2023,Delhi,Zenith Cars
106,5017,203,896300,1,20230701,1,7,2023,Delhi,Skyline Autos
105,5014,201,1316600,2,20230701,1,7,2023,Mumbai,Titan Automobiles
105,5013,205,1326800,1,20230701,1,7,2023,Mumbai,Horizon Motors
105,5012,201,5192100,8,20230702,2,7,2023,Mumbai,Green Wheels
105,5020,205,4204300,3,20230703,3,7,2023,Mumbai,Lotus Automobiles
103,5008,201,651400,1,20230703,3,7,2023,Kochi,Star Drive
105,5013,206,8946600,5,20230704,4,7,2023,Mumbai,Horizon Motors
106,5017,207,4593000,2,20230704,4,7,2023,Delhi,Skyline Autos
103,5007,203,1957100,2,20230705,5,7,2023,Kochi,Metro Auto Hub
104,5010,201,3120100,5,20230705,5,7,2023,Hyderabad,Crown Cars
103,5019,207,11393500,5,20230705,5,7,2023,Kochi,Ace Motors
104,5010,205,4013600,3,20230705,5,7,2023,Hyderabad,Crown Cars
102,5004,202,3250300,4,20230706,6,7,2023,Bangalore,Elite Cars
103,5019,202,851200,1,20230707,7,7,2023,Kochi,Ace Motors
101,5003,201,2556800,4,20230707,7,7,2023,Chennai,Prime Wheels
106,5015,207,4462400,2,20230708,8,7,2023,Delhi,Zenith Cars
101,5001,205,5561600,4,20230709,9,7,2023,Chennai,Sri Motors
104,5011,203,928400,1,20230709,9,7,2023,Hyderabad,Velocity Autos
103,5008,201,2508200,4,20230709,9,7,2023,Kochi,Star Drive
104,5011,204,1174900,1,20230710,10,7,2023,Hyderabad,Velocity Autos
104,5011,207,23809300,10,20230710,10,7,2023,Hyderabad,Velocity Autos
104,5011,201,6709800,10,20230710,10,7,2023,Hyderabad,Velocity Autos
105,5012,206,5324500,3,20230711,11,7,2023,Mumbai,Green Wheels
104,5011,204,3427700,3,20230711,11,7,2023,Hyderabad,Velocity Autos
101,5001,202,775200,1,20230711,11,7,2023,Chennai,Sri Motors
102,5005,201,2667500,4,20230711,11,7,2023,Bangalore,Royal Automobiles
102,5004,206,1784100,1,20230712,12,7,2023,Bangalore,Elite Cars
105,5020,208,9912400,3,20230713,13,7,2023,Mumbai,Lotus Automobiles
106,5016,203,1798900,2,20230713,13,7,2023,Delhi,Pearl Motors
104,5010,203,7757100,8,20230714,14,7,2023,Hyderabad,Crown Cars
102,5005,202,2524300,3,20230714,14,7,2023,Bangalore,Royal Automobiles
103,5019,206,7149000,4,20230714,14,7,2023,Kochi,Ace Motors
104,5011,201,1929500,3,20230714,14,7,2023,Hyderabad,Velocity Autos
101,5003,201,1860300,3,20230715,15,7,2023,Chennai,Prime Wheels
102,5006,202,2365400,3,20230715,15,7,2023,Bangalore,Sun Motors
105,5014,205,1365800,1,20230715,15,7,2023,Mumbai,Titan Automobiles
101,5003,201,669500,1,20230715,15,7,2023,Chennai,Prime Wheels
103,5019,201,668000,1,20230715,15,7,2023,Kochi,Ace Motors
101,5001,201,2548900,4,20230715,15,7,2023,Chennai,Sri Motors
106,5017,204,4422600,4,20230715,15,7,2023,Delhi,Skyline Autos
106,5015,201,623600,1,20230716,16,7,2023,Delhi,Zenith Cars
101,5002,202,1684900,2,20230716,16,7,2023,Chennai,Galaxy Auto
102,5004,205,1414000,1,20230716,16,7,2023,Bangalore,Elite Cars
103,5007,204,2366500,2,20230716,16,7,2023,Kochi,Metro Auto Hub
102,5005,205,1452500,1,20230716,16,7,2023,Bangalore,Royal Automobiles
102,5004,207,4419100,2,20230716,16,7,2023,Bangalore,Elite Cars
104,5011,205,1434300,1,20230716,16,7,2023,Hyderabad,Velocity Autos
103,5019,202,789600,1,20230717,17,7,2023,Kochi,Ace Motors
104,5009,207,11650800,5,20230717,17,7,2023,Hyderabad,Apex Motors
105,5014,201,1916600,3,20230717,17,7,2023,Mumbai,Titan Automobiles
104,5011,202,803100,1,20230717,17,7,2023,Hyderabad,Velocity Autos
106,5017,205,1391200,1,20230717,17,7,2023,Delhi,Skyline Autos
106,5015,204,1190100,1,20230718,18,7,2023,Delhi,Zenith Cars
102,5004,207,4620700,2,20230718,18,7,2023,Bangalore,Elite Cars
105,5020,208,3196300,1,20230718,18,7,2023,Mumbai,Lotus Automobiles
105,5013,202,4837200,6,20230718,18,7,2023,Mumbai,Horizon Motors
104,5010,207,7125300,3,20230719,19,7,2023,Hyderabad,Crown Cars
106,5015,204,2308100,2,20230720,20,7,2023,Delhi,Zenith Cars
103,5007,201,3316100,5,20230721,21,7,2023,Kochi,Metro Auto Hub
104,5011,204,1100000,1,20230721,21,7,2023,Hyderabad,Velocity Autos
101,5003,206,1871900,1,20230721,21,7,2023,Chennai,Prime Wheels
103,5007,204,3433000,3,20230722,22,7,2023,Kochi,Metro Auto Hub
103,5019,202,3138600,4,20230722,22,7,2023,Kochi,Ace Motors
105,5012,206,1733200,1,20230722,22,7,2023,Mumbai,Green Wheels
103,5007,203,7593800,8,20230723,23,7,2023,Kochi,Metro Auto Hub
103,5007,201,1276500,2,20230724,24,7,2023,Kochi,Metro Auto Hub
101,5002,201,6269000,10,20230725,25,7,2023,Chennai,Galaxy Auto
104,5010,201,1943600,3,20230726,26,7,2023,Hyderabad,Crown Cars
105,5012,203,7345900,8,20230726,26,7,2023,Mumbai,Green Wheels
102,5005,202,1618700,2,20230726,26,7,2023,Bangalore,Royal Automobiles
101,5003,202,2534700,3,20230726,26,7,2023,Chennai,Prime Wheels
104,5011,204,4472700,4,20230727,27,7,2023,Hyderabad,Velocity Autos
105,5013,201,664200,1,20230727,27,7,2023,Mumbai,Horizon Motors
106,5016,202,811600,1,20230727,27,7,2023,Delhi,Pearl Motors
101,5002,205,1346200,1,20230728,28,7,2023,Chennai,Galaxy Auto
101,5002,201,1351800,2,20230728,28,7,2023,Chennai,Galaxy Auto
102,5004,203,3939700,4,20230728,28,7,2023,Bangalore,Elite Cars
106,5015,203,1833200,2,20230729,29,7,2023,Delhi,Zenith Cars
102,5006,204,1121000,1,20230729,29,7,2023,Bangalore,Sun Motors
101,5018,204,1114400,1,20230730,30,7,2023,Chennai,Falcon Drive
105,5020,204,2357900,2,20230730,30,7,2023,Mumbai,Lotus Automobiles
101,5002,208,9500800,3,20230730,30,7,2023,Chennai,Galaxy Auto
105,5012,204,2357800,2,20230730,30,7,2023,Mumbai,Green Wheels
106,5017,204,1184700,1,20230730,30,7,2023,Delhi,Skyline Autos
106,5016,204,4776900,4,20230731,31,7,2023,Delhi,Pearl Motors
102,5005,201,5071200,8,20230731,31,7,2023,Bangalore,Royal Automobiles
101,5002,201,2578400,4,20230801,1,8,2023,Chennai,Galaxy Auto
103,5008,203,5495400,6,20230801,1,8,2023,Kochi,Star Drive
101,5001,203,914600,1,20230801,1,8,2023,Chennai,Sri Motors
102,5004,201,618700,1,20230802,2,8,2023,Bangalore,Elite Cars
104,5009,206,3607400,2,20230802,2,8,2023,Hyderabad,Apex Motors
102,5006,202,1546700,2,20230802,2,8,2023,Bangalore,Sun Motors
103,5008,202,779400,1,20230802,2,8,2023,Kochi,Star Drive
105,5014,203,1975800,2,20230803,3,8,2023,Mumbai,Titan Automobiles
103,5007,201,3118800,5,20230803,3,8,2023,Kochi,Metro Auto Hub
105,5012,206,1757100,1,20230803,3,8,2023,Mumbai,Green Wheels
101,5001,203,1967100,2,20230803,3,8,2023,Chennai,Sri Motors
106,5015,203,3734100,4,20230803,3,8,2023,Delhi,Zenith Cars
106,5016,201,5083600,8,20230804,4,8,2023,Delhi,Pearl Motors
102,5006,201,1250600,2,20230805,5,8,2023,Bangalore,Sun Motors
104,5010,201,3358200,5,20230805,5,8,2023,Hyderabad,Crown Cars
106,5015,201,1342700,2,20230805,5,8,2023,Delhi,Zenith Cars
106,5017,203,969800,1,20230806,6,8,2023,Delhi,Skyline Autos
106,5016,205,8203900,6,20230806,6,8,2023,Delhi,Pearl Motors
103,5019,204,4406900,4,20230807,7,8,2023,Kochi,Ace Motors
101,5003,207,4781000,2,20230807,7,8,2023,Chennai,Prime Wheels
101,5002,205,7264400,5,20230807,7,8,2023,Chennai,Galaxy Auto
103,5007,207,4387500,2,20230808,8,8,2023,Kochi,Metro Auto Hub
103,5007,205,1318700,1,20230808,8,8,2023,Kochi,Metro Auto Hub
104,5010,208,6635600,2,20230808,8,8,2023,Hyderabad,Crown Cars
103,5007,203,968800,1,20230808,8,8,2023,Kochi,Metro Auto Hub
105,5013,201,1291500,2,20230809,9,8,2023,Mumbai,Horizon Motors
106,5016,201,1305700,2,20230809,9,8,2023,Delhi,Pearl Motors
104,5011,202,2402200,3,20230809,9,8,2023,Hyderabad,Velocity Autos
101,5003,202,4208700,5,20230809,9,8,2023,Chennai,Prime Wheels
105,5012,207,4669400,2,20230810,10,8,2023,Mumbai,Green Wheels
103,5008,201,638400,1,20230810,10,8,2023,Kochi,Star Drive
102,5005,202,771500,1,20230811,11,8,2023,Bangalore,Royal Automobiles
101,5002,204,1143300,1,20230811,11,8,2023,Chennai,Galaxy Auto
102,5006,207,2163300,1,20230812,12,8,2023,Bangalore,Sun Motors
101,5003,207,2173500,1,20230812,12,8,2023,Chennai,Prime Wheels
104,5010,203,950700,1,20230812,12,8,2023,Hyderabad,Crown Cars
101,5018,203,938900,1,20230812,12,8,2023,Chennai,Falcon Drive
106,5016,208,3032200,1,20230813,13,8,2023,Delhi,Pearl Motors
105,5013,202,817700,1,20230813,13,8,2023,Mumbai,Horizon Motors
103,5007,207,11618500,5,20230814,14,8,2023,Kochi,Metro Auto Hub
104,5010,201,668600,1,20230815,15,8,2023,Hyderabad,Crown Cars
103,5019,202,3304000,4,20230815,15,8,2023,Kochi,Ace Motors
101,5001,202,4182500,5,20230815,15,8,2023,Chennai,Sri Motors
105,5012,205,1391100,1,20230815,15,8,2023,Mumbai,Green Wheels
106,5017,205,2729800,2,20230816,16,8,2023,Delhi,Skyline Autos
105,5020,201,674600,1,20230816,16,8,2023,Mumbai,Lotus Automobiles
101,5002,203,959600,1,20230817,17,8,2023,Chennai,Galaxy Auto
106,5017,201,668700,1,20230817,17,8,2023,Delhi,Skyline Autos
102,5005,206,1835800,1,20230817,17,8,2023,Bangalore,Royal Automobiles
103,5008,208,15905500,5,20230817,17,8,2023,Kochi,Star Drive
105,5013,203,3850400,4,20230817,17,8,2023,Mumbai,Horizon Motors
103,5007,203,931300,1,20230817,17,8,2023,Kochi,Metro Auto Hub
104,5010,202,4100200,5,20230817,17,8,2023,Hyderabad,Crown Cars
106,5016,201,1975500,3,20230818,18,8,2023,Delhi,Pearl Motors
106,5016,204,1176300,1,20230818,18,8,2023,Delhi,Pearl Motors
102,5004,208,9881900,3,20230818,18,8,2023,Bangalore,Elite Cars
101,5002,207,9373700,4,20230819,19,8,2023,Chennai,Galaxy Auto
101,5001,205,2838700,2,20230819,19,8,2023,Chennai,Sri Motors
106,5015,202,830200,1,20230819,19,8,2023,Delhi,Zenith Cars
102,5006,208,6398400,2,20230820,20,8,2023,Bangalore,Sun Motors
102,5005,201,3261000,5,20230820,20,8,2023,Bangalore,Royal Automobiles
105,5013,203,5801200,6,20230821,21,8,2023,Mumbai,Horizon Motors
103,5019,203,1909400,2,20230821,21,8,2023,Kochi,Ace Motors
106,5017,203,1845800,2,20230822,22,8,2023,Delhi,Skyline Autos
103,5007,202,1699700,2,20230823,23,8,2023,Kochi,Metro Auto Hub
106,5015,204,2300800,2,20230823,23,8,2023,Delhi,Zenith Cars
104,5011,206,10609000,6,20230823,23,8,2023,Hyderabad,Velocity Autos
103,5007,204,5592300,5,20230824,24,8,2023,Kochi,Metro Auto Hub
103,5008,202,3927900,5,20230824,24,8,2023,Kochi,Star Drive
102,5004,204,3540200,3,20230824,24,8,2023,Bangalore,Elite Cars
101,5001,203,959600,1,20230824,24,8,2023,Chennai,Sri Motors
104,5009,201,1984300,3,20230826,26,8,2023,Hyderabad,Apex Motors
101,5018,203,1888200,2,20230826,26,8,2023,Chennai,Falcon Drive
102,5004,205,5385500,4,20230827,27,8,2023,Bangalore,Elite Cars
103,5007,201,618900,1,20230827,27,8,2023,Kochi,Metro Auto Hub
101,5003,207,18508600,8,20230827,27,8,2023,Chennai,Prime Wheels
105,5013,201,1300600,2,20230828,28,8,2023,Mumbai,Horizon Motors
105,5020,204,2303800,2,20230828,28,8,2023,Mumbai,Lotus Automobiles
105,5013,202,782700,1,20230828,28,8,2023,Mumbai,Horizon Motors
104,5010,204,3535300,3,20230829,29,8,2023,Hyderabad,Crown Cars
103,5007,206,1700200,1,20230829,29,8,2023,Kochi,Metro Auto Hub
103,5008,202,1562800,2,20230829,29,8,2023,Kochi,Star Drive
102,5006,204,6989000,6,20230830,30,8,2023,Bangalore,Sun Motors
101,5018,202,7993400,10,20230830,30,8,2023,Chennai,Falcon Drive
105,5012,203,5925600,6,20230830,30,8,2023,Mumbai,Green Wheels
106,5015,204,1085600,1,20230830,30,8,2023,Delhi,Zenith Cars
102,5005,206,7082800,4,20230831,31,8,2023,Bangalore,Royal Automobiles
105,5012,206,3725700,2,20230831,31,8,2023,Mumbai,Green Wheels
105,5013,201,6623800,10,20230901,1,9,2023,Mumbai,Horizon Motors
106,5016,207,2217100,1,20230901,1,9,2023,Delhi,Pearl Motors
103,5008,204,1152200,1,20230901,1,9,2023,Kochi,Star Drive
104,5011,205,4202100,3,20230901,1,9,2023,Hyderabad,Velocity Autos
106,5015,206,3528600,2,20230901,1,9,2023,Delhi,Zenith Cars
103,5019,207,18445700,8,20230902,2,9,2023,Kochi,Ace Motors
102,5004,203,2680000,3,20230902,2,9,2023,Bangalore,Elite Cars
105,5020,201,616800,1,20230902,2,9,2023,Mumbai,Lotus Automobiles
102,5005,206,1705700,1,20230902,2,9,2023,Bangalore,Royal Automobiles
106,5015,201,626000,1,20230902,2,9,2023,Delhi,Zenith Cars
106,5016,207,6691100,3,20230902,2,9,2023,Delhi,Pearl Motors
105,5013,204,9391200,8,20230902,2,9,2023,Mumbai,Horizon Motors
104,5009,202,3403400,4,20230902,2,9,2023,Hyderabad,Apex Motors
104,5010,206,14524500,8,20230903,3,9,2023,Hyderabad,Crown Cars
105,5013,202,2490400,3,20230903,3,9,2023,Mumbai,Horizon Motors
106,5016,205,2795200,2,20230903,3,9,2023,Delhi,Pearl Motors
106,5016,203,2837800,3,20230903,3,9,2023,Delhi,Pearl Motors
105,5013,206,10465400,6,20230904,4,9,2023,Mumbai,Horizon Motors
104,5011,204,2344100,2,20230904,4,9,2023,Hyderabad,Velocity Autos
105,5013,207,9405700,4,20230904,4,9,2023,Mumbai,Horizon Motors
103,5008,205,3952500,3,20230905,5,9,2023,Kochi,Star Drive
105,5013,203,7828500,8,20230905,5,9,2023,Mumbai,Horizon Motors
104,5011,206,1808000,1,20230906,6,9,2023,Hyderabad,Velocity Autos
105,5014,202,1547400,2,20230906,6,9,2023,Mumbai,Titan Automobiles
102,5004,201,4985800,8,20230907,7,9,2023,Bangalore,Elite Cars
102,5004,207,7004600,3,20230907,7,9,2023,Bangalore,Elite Cars
104,5009,203,2815500,3,20230907,7,9,2023,Hyderabad,Apex Motors
102,5006,201,1332500,2,20230907,7,9,2023,Bangalore,Sun Motors
101,5003,207,2380100,1,20230907,7,9,2023,Chennai,Prime Wheels
105,5014,207,4521700,2,20230907,7,9,2023,Mumbai,Titan Automobiles
101,5001,206,5167700,3,20230908,8,9,2023,Chennai,Sri Motors
102,5004,202,785900,1,20230908,8,9,2023,Bangalore,Elite Cars
103,5019,206,1758700,1,20230909,9,9,2023,Kochi,Ace Motors
104,5009,201,2654600,4,20230909,9,9,2023,Hyderabad,Apex Motors
105,5012,201,627900,1,20230910,10,9,2023,Mumbai,Green Wheels
105,5014,205,2784800,2,20230910,10,9,2023,Mumbai,Titan Automobiles
102,5006,203,954800,1,20230910,10,9,2023,Bangalore,Sun Motors
105,5014,201,1317000,2,20230910,10,9,2023,Mumbai,Titan Automobiles
102,5005,202,1629000,2,20230910,10,9,2023,Bangalore,Royal Automobiles
106,5015,201,669900,1,20230910,10,9,2023,Delhi,Zenith Cars
102,5005,203,954200,1,20230910,10,9,2023,Bangalore,Royal Automobiles
104,5009,201,1898700,3,20230912,12,9,2023,Hyderabad,Apex Motors
101,5001,202,1685500,2,20230912,12,9,2023,Chennai,Sri Motors
104,5011,203,2945900,3,20230912,12,9,2023,Hyderabad,Velocity Autos
102,5004,207,14050800,6,20230912,12,9,2023,Bangalore,Elite Cars
103,5019,201,1979400,3,20230913,13,9,2023,Kochi,Ace Motors
105,5020,204,2307000,2,20230913,13,9,2023,Mumbai,Lotus Automobiles
104,5010,206,1821700,1,20230913,13,9,2023,Hyderabad,Crown Cars
103,5019,202,3892400,5,20230913,13,9,2023,Kochi,Ace Motors
103,5007,201,1276200,2,20230914,14,9,2023,Kochi,Metro Auto Hub
106,5015,206,1766400,1,20230914,14,9,2023,Delhi,Zenith Cars
104,5009,204,1154100,1,20230914,14,9,2023,Hyderabad,Apex Motors
104,5011,203,9501700,10,20230914,14,9,2023,Hyderabad,Velocity Autos
103,5008,202,1663600,2,20230915,15,9,2023,Kochi,Star Drive
105,5013,208,6464400,2,20230915,15,9,2023,Mumbai,Horizon Motors
105,5020,202,777900,1,20230916,16,9,2023,Mumbai,Lotus Automobiles
102,5004,201,1911500,3,20230916,16,9,2023,Bangalore,Elite Cars
102,5005,204,5807800,5,20230916,16,9,2023,Bangalore,Royal Automobiles
102,5006,203,921800,1,20230916,16,9,2023,Bangalore,Sun Motors
102,5006,202,4646100,6,20230916,16,9,2023,Bangalore,Sun Motors
102,5006,205,3949600,3,20230917,17,9,2023,Bangalore,Sun Motors
101,5003,206,9168800,5,20230918,18,9,2023,Chennai,Prime Wheels
101,5002,203,1836500,2,20230918,18,9,2023,Chennai,Galaxy Auto
105,5012,202,835200,1,20230918,18,9,2023,Mumbai,Green Wheels
105,5012,201,2472900,4,20230918,18,9,2023,Mumbai,Green Wheels
101,5002,202,8342500,10,20230918,18,9,2023,Chennai,Galaxy Auto
102,5006,204,2168200,2,20230918,18,9,2023,Bangalore,Sun Motors
105,5014,207,2164700,1,20230918,18,9,2023,Mumbai,Titan Automobiles
103,5007,202,1578700,2,20230919,19,9,2023,Kochi,Metro Auto Hub
102,5005,207,11521500,5,20230919,19,9,2023,Bangalore,Royal Automobiles
102,5005,201,664200,1,20230919,19,9,2023,Bangalore,Royal Automobiles
103,5008,201,2674700,4,20230919,19,9,2023,Kochi,Star Drive
102,5005,203,2721800,3,20230919,19,9,2023,Bangalore,Royal Automobiles
106,5017,202,806800,1,20230919,19,9,2023,Delhi,Skyline Autos
102,5005,208,12107700,4,20230919,19,9,2023,Bangalore,Royal Automobiles
105,5014,204,2356900,2,20230920,20,9,2023,Mumbai,Titan Automobiles
105,5012,206,3710100,2,20230920,20,9,2023,Mumbai,Green Wheels
105,5012,201,1974700,3,20230921,21,9,2023,Mumbai,Green Wheels
102,5006,201,2456900,4,20230921,21,9,2023,Bangalore,Sun Motors
105,5012,204,8922400,8,20230921,21,9,2023,Mumbai,Green Wheels
104,5011,202,2557600,3,20230921,21,9,2023,Hyderabad,Velocity Autos
101,5018,201,1260300,2,20230922,22,9,2023,Chennai,Falcon Drive
104,5009,202,1621700,2,20230922,22,9,2023,Hyderabad,Apex Motors
104,5009,201,1250500,2,20230923,23,9,2023,Hyderabad,Apex Motors
105,5014,205,1319800,1,20230924,24,9,2023,Mumbai,Titan Automobiles
105,5012,202,1652400,2,20230924,24,9,2023,Mumbai,Green Wheels
105,5012,204,5464100,5,20230924,24,9,2023,Mumbai,Green Wheels
104,5009,201,1319000,2,20230924,24,9,2023,Hyderabad,Apex Motors
106,5017,204,4704600,4,20230924,24,9,2023,Delhi,Skyline Autos
106,5017,202,2337600,3,20230925,25,9,2023,Delhi,Skyline Autos
105,5020,201,2020600,3,20230925,25,9,2023,Mumbai,Lotus Automobiles
101,5018,204,2383100,2,20230925,25,9,2023,Chennai,Falcon Drive
102,5004,202,3375400,4,20230926,26,9,2023,Bangalore,Elite Cars
103,5008,207,4582400,2,20230926,26,9,2023,Kochi,Star Drive
101,5018,202,2367600,3,20230926,26,9,2023,Chennai,Falcon Drive
104,5009,202,3348500,4,20230927,27,9,2023,Hyderabad,Apex Motors
106,5016,205,1430000,1,20230927,27,9,2023,Delhi,Pearl Motors
101,5018,204,3444300,3,20230927,27,9,2023,Chennai,Falcon Drive
106,5017,201,1301700,2,20230927,27,9,2023,Delhi,Skyline Autos
101,5001,203,1929500,2,20230928,28,9,2023,Chennai,Sri Motors
102,5004,205,1416900,1,20230928,28,9,2023,Bangalore,Elite Cars
104,5010,206,7013800,4,20230928,28,9,2023,Hyderabad,Crown Cars
105,5013,203,1820100,2,20230929,29,9,2023,Mumbai,Horizon Motors
102,5006,207,4619300,2,20230929,29,9,2023,Bangalore,Sun Motors
104,5010,203,925900,1,20230930,30,9,2023,Hyderabad,Crown Cars
103,5007,208,9350900,3,20230930,30,9,2023,Kochi,Metro Auto Hub
103,5019,202,802400,1,20230930,30,9,2023,Kochi,Ace Motors
101,5003,207,4689100,2,20230930,30,9,2023,Chennai,Prime Wheels
101,5018,201,1959100,3,20231001,1,10,2023,Chennai,Falcon Drive
103,5008,202,2399300,3,20231001,1,10,2023,Kochi,Star Drive
105,5012,205,1421000,1,20231001,1,10,2023,Mumbai,Green Wheels
105,5012,201,3999200,6,20231001,1,10,2023,Mumbai,Green Wheels
104,5010,204,4341900,4,20231002,2,10,2023,Hyderabad,Crown Cars
102,5005,208,6036800,2,20231002,2,10,2023,Bangalore,Royal Automobiles
101,5002,207,4654900,2,20231003,3,10,2023,Chennai,Galaxy Auto
103,5007,201,663500,1,20231003,3,10,2023,Kochi,Metro Auto Hub
101,5003,203,4930400,5,20231003,3,10,2023,Chennai,Prime Wheels
105,5012,202,824500,1,20231003,3,10,2023,Mumbai,Green Wheels
102,5004,201,654200,1,20231003,3,10,2023,Bangalore,Elite Cars
102,5005,203,1809300,2,20231003,3,10,2023,Bangalore,Royal Automobiles
101,5018,201,1274400,2,20231004,4,10,2023,Chennai,Falcon Drive
102,5005,205,4341300,3,20231004,4,10,2023,Bangalore,Royal Automobiles
104,5009,203,3938000,4,20231004,4,10,2023,Hyderabad,Apex Motors
104,5011,202,5000600,6,20231004,4,10,2023,Hyderabad,Velocity Autos
106,5017,204,5467900,5,20231004,4,10,2023,Delhi,Skyline Autos
101,5003,204,1084200,1,20231005,5,10,2023,Chennai,Prime Wheels
101,5002,201,2016600,3,20231005,5,10,2023,Chennai,Galaxy Auto
106,5017,205,4165600,3,20231005,5,10,2023,Delhi,Skyline Autos
106,5016,203,957100,1,20231005,5,10,2023,Delhi,Pearl Motors
102,5005,202,1550900,2,20231005,5,10,2023,Bangalore,Royal Automobiles
103,5008,205,1336200,1,20231005,5,10,2023,Kochi,Star Drive
101,5002,201,1267500,2,20231006,6,10,2023,Chennai,Galaxy Auto
101,5018,201,2506400,4,20231006,6,10,2023,Chennai,Falcon Drive
102,5004,207,2306100,1,20231007,7,10,2023,Bangalore,Elite Cars
102,5004,207,13748100,6,20231007,7,10,2023,Bangalore,Elite Cars
101,5003,203,960600,1,20231007,7,10,2023,Chennai,Prime Wheels
104,5011,206,3390400,2,20231008,8,10,2023,Hyderabad,Velocity Autos
102,5004,207,2165200,1,20231008,8,10,2023,Bangalore,Elite Cars
104,5010,206,1696900,1,20231008,8,10,2023,Hyderabad,Crown Cars
106,5017,201,1889900,3,20231008,8,10,2023,Delhi,Skyline Autos
103,5019,201,672000,1,20231008,8,10,2023,Kochi,Ace Motors
105,5013,202,780100,1,20231008,8,10,2023,Mumbai,Horizon Motors
102,5006,201,1257700,2,20231009,9,10,2023,Bangalore,Sun Motors
105,5014,202,1684900,2,20231009,9,10,2023,Mumbai,Titan Automobiles
102,5005,204,5585700,5,20231009,9,10,2023,Bangalore,Royal Automobiles
101,5002,203,1937700,2,20231009,9,10,2023,Chennai,Galaxy Auto
106,5017,201,3139900,5,20231009,9,10,2023,Delhi,Skyline Autos
105,5020,201,5228700,8,20231010,10,10,2023,Mumbai,Lotus Automobiles
102,5005,204,2191300,2,20231010,10,10,2023,Bangalore,Royal Automobiles
105,5013,201,1298700,2,20231010,10,10,2023,Mumbai,Horizon Motors
103,5007,201,660400,1,20231011,11,10,2023,Kochi,Metro Auto Hub
105,5012,201,1274600,2,20231011,11,10,2023,Mumbai,Green Wheels
106,5017,205,2695200,2,20231012,12,10,2023,Delhi,Skyline Autos
104,5011,205,8062200,6,20231012,12,10,2023,Hyderabad,Velocity Autos
101,5002,206,1803800,1,20231012,12,10,2023,Chennai,Galaxy Auto
106,5015,208,3106700,1,20231012,12,10,2023,Delhi,Zenith Cars
101,5018,203,926100,1,20231012,12,10,2023,Chennai,Falcon Drive
104,5011,202,804600,1,20231013,13,10,2023,Hyderabad,Velocity Autos
103,5007,203,934500,1,20231013,13,10,2023,Kochi,Metro Auto Hub
101,5002,205,1424800,1,20231013,13,10,2023,Chennai,Galaxy Auto
104,5009,201,621000,1,20231013,13,10,2023,Hyderabad,Apex Motors
105,5012,202,850700,1,20231013,13,10,2023,Mumbai,Green Wheels
104,5011,204,1174800,1,20231013,13,10,2023,Hyderabad,Velocity Autos
103,5007,202,1680200,2,20231014,14,10,2023,Kochi,Metro Auto Hub
104,5009,201,1292000,2,20231014,14,10,2023,Hyderabad,Apex Motors
106,5015,202,4255000,5,20231014,14,10,2023,Delhi,Zenith Cars
102,5004,201,638000,1,20231014,14,10,2023,Bangalore,Elite Cars
105,5012,203,1851900,2,20231015,15,10,2023,Mumbai,Green Wheels
102,5005,205,4000900,3,20231015,15,10,2023,Bangalore,Royal Automobiles
105,5013,206,7282400,4,20231015,15,10,2023,Mumbai,Horizon Motors
102,5005,201,1227600,2,20231015,15,10,2023,Bangalore,Royal Automobiles
105,5020,201,2623100,4,20231015,15,10,2023,Mumbai,Lotus Automobiles
104,5009,205,2788400,2,20231015,15,10,2023,Hyderabad,Apex Motors
102,5004,201,1326300,2,20231015,15,10,2023,Bangalore,Elite Cars
105,5012,204,3282300,3,20231016,16,10,2023,Mumbai,Green Wheels
102,5004,206,1789500,1,20231017,17,10,2023,Bangalore,Elite Cars
104,5009,203,1887900,2,20231017,17,10,2023,Hyderabad,Apex Motors
105,5014,201,641300,1,20231017,17,10,2023,Mumbai,Titan Automobiles
102,5004,203,926200,1,20231017,17,10,2023,Bangalore,Elite Cars
103,5007,202,1680600,2,20231017,17,10,2023,Kochi,Metro Auto Hub
106,5017,204,1131400,1,20231018,18,10,2023,Delhi,Skyline Autos
102,5004,206,3419400,2,20231018,18,10,2023,Bangalore,Elite Cars
101,5001,205,2703300,2,20231019,19,10,2023,Chennai,Sri Motors
103,5007,205,8130500,6,20231019,19,10,2023,Kochi,Metro Auto Hub
103,5008,202,1561400,2,20231019,19,10,2023,Kochi,Star Drive
101,5018,202,4956300,6,20231019,19,10,2023,Chennai,Falcon Drive
104,5009,207,7044300,3,20231019,19,10,2023,Hyderabad,Apex Motors
104,5011,201,664300,1,20231019,19,10,2023,Hyderabad,Velocity Autos
105,5014,204,3505300,3,20231020,20,10,2023,Mumbai,Titan Automobiles
103,5007,201,2591400,4,20231020,20,10,2023,Kochi,Metro Auto Hub
102,5005,205,2709400,2,20231021,21,10,2023,Bangalore,Royal Automobiles
105,5012,202,6639600,8,20231021,21,10,2023,Mumbai,Green Wheels
105,5020,207,2329000,1,20231021,21,10,2023,Mumbai,Lotus Automobiles
104,5009,207,2290100,1,20231021,21,10,2023,Hyderabad,Apex Motors
105,5012,206,1756500,1,20231021,21,10,2023,Mumbai,Green Wheels
101,5003,201,1993700,3,20231021,21,10,2023,Chennai,Prime Wheels
104,5010,204,3477900,3,20231022,22,10,2023,Hyderabad,Crown Cars
103,5007,202,3891400,5,20231022,22,10,2023,Kochi,Metro Auto Hub
104,5009,206,3496700,2,20231022,22,10,2023,Hyderabad,Apex Motors
103,5019,202,1564800,2,20231023,23,10,2023,Kochi,Ace Motors
101,5001,202,1663700,2,20231023,23,10,2023,Chennai,Sri Motors
106,5017,207,7112500,3,20231023,23,10,2023,Delhi,Skyline Autos
101,5018,202,8505900,10,20231023,23,10,2023,Chennai,Falcon Drive
102,5004,207,13633500,6,20231023,23,10,2023,Bangalore,Elite Cars
101,5002,203,951100,1,20231023,23,10,2023,Chennai,Galaxy Auto
105,5013,204,2237700,2,20231023,23,10,2023,Mumbai,Horizon Motors
102,5006,206,8712700,5,20231024,24,10,2023,Bangalore,Sun Motors
102,5006,201,618100,1,20231024,24,10,2023,Bangalore,Sun Motors
106,5015,205,5798400,4,20231024,24,10,2023,Delhi,Zenith Cars
105,5020,207,7156800,3,20231024,24,10,2023,Mumbai,Lotus Automobiles
106,5017,201,2499300,4,20231026,26,10,2023,Delhi,Skyline Autos
101,5001,203,2836700,3,20231026,26,10,2023,Chennai,Sri Motors
104,5011,203,1846900,2,20231026,26,10,2023,Hyderabad,Velocity Autos
103,5007,201,662500,1,20231026,26,10,2023,Kochi,Metro Auto Hub
105,5013,202,812500,1,20231026,26,10,2023,Mumbai,Horizon Motors
101,5002,201,5199700,8,20231026,26,10,2023,Chennai,Galaxy Auto
101,5002,205,2856600,2,20231026,26,10,2023,Chennai,Galaxy Auto
102,5005,205,4152600,3,20231027,27,10,2023,Bangalore,Royal Automobiles
103,5007,206,6784600,4,20231027,27,10,2023,Kochi,Metro Auto Hub
105,5012,202,3401800,4,20231027,27,10,2023,Mumbai,Green Wheels
104,5011,202,793500,1,20231027,27,10,2023,Hyderabad,Velocity Autos
101,5018,208,3035200,1,20231027,27,10,2023,Chennai,Falcon Drive
104,5009,205,4101100,3,20231028,28,10,2023,Hyderabad,Apex Motors
102,5006,204,1177600,1,20231028,28,10,2023,Bangalore,Sun Motors
105,5020,201,673800,1,20231029,29,10,2023,Mumbai,Lotus Automobiles
105,5014,201,3110700,5,20231029,29,10,2023,Mumbai,Titan Automobiles
103,5019,205,4102000,3,20231029,29,10,2023,Kochi,Ace Motors
104,5009,203,1836800,2,20231029,29,10,2023,Hyderabad,Apex Motors
101,5001,202,1694100,2,20231029,29,10,2023,Chennai,Sri Motors
105,5013,205,11022500,8,20231030,30,10,2023,Mumbai,Horizon Motors
103,5008,203,979300,1,20231030,30,10,2023,Kochi,Star Drive
104,5010,203,2909500,3,20231030,30,10,2023,Hyderabad,Crown Cars
105,5014,203,3895400,4,20231030,30,10,2023,Mumbai,Titan Automobiles
105,5013,203,3644800,4,20231030,30,10,2023,Mumbai,Horizon Motors
104,5010,204,1156500,1,20231030,30,10,2023,Hyderabad,Crown Cars
103,5008,201,1281400,2,20231030,30,10,2023,Kochi,Star Drive
101,5018,201,1936800,3,20231031,31,10,2023,Chennai,Falcon Drive
103,5007,203,2837100,3,20231031,31,10,2023,Kochi,Metro Auto Hub
105,5012,203,7240300,8,20231031,31,10,2023,Mumbai,Green Wheels
106,5015,207,6838600,3,20231031,31,10,2023,Delhi,Zenith Cars
104,5010,202,2433100,3,20231031,31,10,2023,Hyderabad,Crown Cars
105,5013,201,1317300,2,20231031,31,10,2023,Mumbai,Horizon Motors
103,5019,204,6783100,6,20231031,31,10,2023,Kochi,Ace Motors
103,5019,201,642900,1,20231101,1,11,2023,Kochi,Ace Motors
102,5004,206,6983600,4,20231101,1,11,2023,Bangalore,Elite Cars
105,5012,203,934600,1,20231101,1,11,2023,Mumbai,Green Wheels
104,5010,201,639100,1,20231101,1,11,2023,Hyderabad,Crown Cars
106,5015,202,851200,1,20231101,1,11,2023,Delhi,Zenith Cars
102,5006,202,772200,1,20231102,2,11,2023,Bangalore,Sun Motors
105,5014,201,5287300,8,20231102,2,11,2023,Mumbai,Titan Automobiles
105,5014,208,19402600,6,20231102,2,11,2023,Mumbai,Titan Automobiles
106,5017,203,2773300,3,20231102,2,11,2023,Delhi,Skyline Autos
104,5011,202,772000,1,20231102,2,11,2023,Hyderabad,Velocity Autos
104,5011,203,954200,1,20231102,2,11,2023,Hyderabad,Velocity Autos
102,5005,202,805500,1,20231102,2,11,2023,Bangalore,Royal Automobiles
104,5011,201,5250900,8,20231103,3,11,2023,Hyderabad,Velocity Autos
106,5017,205,5802100,4,20231103,3,11,2023,Delhi,Skyline Autos
106,5015,202,2549000,3,20231103,3,11,2023,Delhi,Zenith Cars
105,5013,205,4141500,3,20231103,3,11,2023,Mumbai,Horizon Motors
101,5018,208,6587900,2,20231103,3,11,2023,Chennai,Falcon Drive
101,5001,203,954700,1,20231104,4,11,2023,Chennai,Sri Motors
104,5010,204,5935000,5,20231104,4,11,2023,Hyderabad,Crown Cars
103,5008,206,5455100,3,20231104,4,11,2023,Kochi,Star Drive
106,5016,201,1896400,3,20231105,5,11,2023,Delhi,Pearl Motors
105,5020,205,1336900,1,20231106,6,11,2023,Mumbai,Lotus Automobiles
103,5007,208,12569800,4,20231106,6,11,2023,Kochi,Metro Auto Hub
105,5013,205,2839700,2,20231107,7,11,2023,Mumbai,Horizon Motors
102,5006,205,4320200,3,20231107,7,11,2023,Bangalore,Sun Motors
105,5013,202,816800,1,20231107,7,11,2023,Mumbai,Horizon Motors
102,5006,205,2882200,2,20231107,7,11,2023,Bangalore,Sun Motors
106,5016,201,639300,1,20231107,7,11,2023,Delhi,Pearl Motors
103,5007,201,654700,1,20231107,7,11,2023,Kochi,Metro Auto Hub
101,5001,207,2248500,1,20231108,8,11,2023,Chennai,Sri Motors
101,5018,202,830900,1,20231108,8,11,2023,Chennai,Falcon Drive
104,5011,202,1632900,2,20231108,8,11,2023,Hyderabad,Velocity Autos
106,5017,203,2922600,3,20231108,8,11,2023,Delhi,Skyline Autos
106,5017,201,644200,1,20231108,8,11,2023,Delhi,Skyline Autos
105,5013,202,815500,1,20231108,8,11,2023,Mumbai,Horizon Motors
103,5007,202,3860000,5,20231108,8,11,2023,Kochi,Metro Auto Hub
101,5003,201,1237900,2,20231108,8,11,2023,Chennai,Prime Wheels
101,5003,202,6507700,8,20231109,9,11,2023,Chennai,Prime Wheels
102,5006,202,4106600,5,20231109,9,11,2023,Bangalore,Sun Motors
104,5009,204,5449500,5,20231110,10,11,2023,Hyderabad,Apex Motors
102,5005,205,6716200,5,20231110,10,11,2023,Bangalore,Royal Automobiles
106,5017,203,1840200,2,20231110,10,11,2023,Delhi,Skyline Autos
106,5017,204,10822400,10,20231110,10,11,2023,Delhi,Skyline Autos
103,5008,202,1639800,2,20231110,10,11,2023,Kochi,Star Drive
104,5009,201,3788500,6,20231110,10,11,2023,Hyderabad,Apex Motors
102,5006,202,827700,1,20231111,11,11,2023,Bangalore,Sun Motors
106,5017,203,4582200,5,20231111,11,11,2023,Delhi,Skyline Autos
104,5010,207,2328400,1,20231111,11,11,2023,Hyderabad,Crown Cars
101,5002,205,5477800,4,20231111,11,11,2023,Chennai,Galaxy Auto
101,5003,203,3898800,4,20231111,11,11,2023,Chennai,Prime Wheels
105,5020,205,2854700,2,20231111,11,11,2023,Mumbai,Lotus Automobiles
106,5015,203,932600,1,20231111,11,11,2023,Delhi,Zenith Cars
103,5007,201,629300,1,20231112,12,11,2023,Kochi,Metro Auto Hub
106,5017,203,931300,1,20231112,12,11,2023,Delhi,Skyline Autos
105,5020,203,1821200,2,20231112,12,11,2023,Mumbai,Lotus Automobiles
103,5008,201,2525600,4,20231113,13,11,2023,Kochi,Star Drive
102,5005,201,623400,1,20231113,13,11,2023,Bangalore,Royal Automobiles
102,5006,206,3570000,2,20231113,13,11,2023,Bangalore,Sun Motors
101,5001,205,8202000,6,20231114,14,11,2023,Chennai,Sri Motors
105,5020,203,2820000,3,20231114,14,11,2023,Mumbai,Lotus Automobiles
102,5004,205,1390400,1,20231115,15,11,2023,Bangalore,Elite Cars
104,5011,206,3434800,2,20231115,15,11,2023,Hyderabad,Velocity Autos
102,5005,204,1177100,1,20231115,15,11,2023,Bangalore,Royal Automobiles
102,5006,201,1291500,2,20231115,15,11,2023,Bangalore,Sun Motors
101,5003,204,1190100,1,20231116,16,11,2023,Chennai,Prime Wheels
102,5006,205,2908400,2,20231116,16,11,2023,Bangalore,Sun Motors
102,5005,201,3829400,6,20231116,16,11,2023,Bangalore,Royal Automobiles
103,5007,206,7153600,4,20231116,16,11,2023,Kochi,Metro Auto Hub
102,5006,202,1622700,2,20231116,16,11,2023,Bangalore,Sun Motors
104,5010,201,1289600,2,20231117,17,11,2023,Hyderabad,Crown Cars
105,5020,204,2208900,2,20231117,17,11,2023,Mumbai,Lotus Automobiles
105,5013,208,6632300,2,20231117,17,11,2023,Mumbai,Horizon Motors
106,5015,204,4349200,4,20231117,17,11,2023,Delhi,Zenith Cars
101,5002,205,4185700,3,20231117,17,11,2023,Chennai,Galaxy Auto
106,5016,204,1157700,1,20231117,17,11,2023,Delhi,Pearl Motors
102,5004,206,11130800,6,20231118,18,11,2023,Bangalore,Elite Cars
101,5001,202,3146000,4,20231118,18,11,2023,Chennai,Sri Motors
102,5004,203,2749000,3,20231118,18,11,2023,Bangalore,Elite Cars
104,5009,204,7063800,6,20231119,19,11,2023,Hyderabad,Apex Motors
106,5015,202,2416500,3,20231119,19,11,2023,Delhi,Zenith Cars
106,5015,205,2887500,2,20231119,19,11,2023,Delhi,Zenith Cars
102,5006,206,3606600,2,20231119,19,11,2023,Bangalore,Sun Motors
101,5001,202,7882800,10,20231120,20,11,2023,Chennai,Sri Motors
101,5001,205,2662300,2,20231120,20,11,2023,Chennai,Sri Motors
105,5020,204,4737500,4,20231121,21,11,2023,Mumbai,Lotus Automobiles
106,5015,201,6744600,10,20231121,21,11,2023,Delhi,Zenith Cars
106,5017,206,3545600,2,20231122,22,11,2023,Delhi,Skyline Autos
103,5007,205,2910400,2,20231123,23,11,2023,Kochi,Metro Auto Hub
103,5008,202,1614000,2,20231123,23,11,2023,Kochi,Star Drive
105,5012,207,4431000,2,20231123,23,11,2023,Mumbai,Green Wheels
101,5003,205,1372300,1,20231123,23,11,2023,Chennai,Prime Wheels
104,5009,202,4090700,5,20231123,23,11,2023,Hyderabad,Apex Motors
101,5018,206,1741400,1,20231123,23,11,2023,Chennai,Falcon Drive
105,5012,201,634300,1,20231123,23,11,2023,Mumbai,Green Wheels
102,5006,204,2383700,2,20231123,23,11,2023,Bangalore,Sun Motors
106,5017,201,633300,1,20231123,23,11,2023,Delhi,Skyline Autos
104,5009,204,1089500,1,20231123,23,11,2023,Hyderabad,Apex Motors
106,5015,202,1642400,2,20231123,23,11,2023,Delhi,Zenith Cars
104,5009,201,5003600,8,20231124,24,11,2023,Hyderabad,Apex Motors
103,5008,205,5482500,4,20231124,24,11,2023,Kochi,Star Drive
101,5003,206,5497500,3,20231125,25,11,2023,Chennai,Prime Wheels
101,5002,204,4731400,4,20231125,25,11,2023,Chennai,Galaxy Auto
101,5001,201,1969900,3,20231125,25,11,2023,Chennai,Sri Motors
105,5020,203,1837000,2,20231125,25,11,2023,Mumbai,Lotus Automobiles
101,5002,203,2896100,3,20231125,25,11,2023,Chennai,Galaxy Auto
102,5004,208,6243500,2,20231125,25,11,2023,Bangalore,Elite Cars
104,5009,201,1888700,3,20231125,25,11,2023,Hyderabad,Apex Motors
101,5001,206,7250400,4,20231126,26,11,2023,Chennai,Sri Motors
104,5009,202,1665800,2,20231126,26,11,2023,Hyderabad,Apex Motors
104,5011,208,6592800,2,20231126,26,11,2023,Hyderabad,Velocity Autos
105,5012,202,1590100,2,20231126,26,11,2023,Mumbai,Green Wheels
105,5013,208,6511000,2,20231126,26,11,2023,Mumbai,Horizon Motors
105,5014,201,1263900,2,20231127,27,11,2023,Mumbai,Titan Automobiles
105,5014,201,622800,1,20231127,27,11,2023,Mumbai,Titan Automobiles
103,5019,202,823800,1,20231127,27,11,2023,Kochi,Ace Motors
101,5003,203,9856700,10,20231127,27,11,2023,Chennai,Prime Wheels
101,5001,202,4066000,5,20231127,27,11,2023,Chennai,Sri Motors
101,5001,208,3143700,1,20231128,28,11,2023,Chennai,Sri Motors
104,5011,205,1420800,1,20231128,28,11,2023,Hyderabad,Velocity Autos
103,5007,201,2006000,3,20231128,28,11,2023,Kochi,Metro Auto Hub
103,5008,204,3396800,3,20231129,29,11,2023,Kochi,Star Drive
104,5011,205,2686000,2,20231129,29,11,2023,Hyderabad,Velocity Autos
102,5004,204,2308800,2,20231129,29,11,2023,Bangalore,Elite Cars
105,5012,202,1648900,2,20231130,30,11,2023,Mumbai,Green Wheels
101,5002,203,1906400,2,20231130,30,11,2023,Chennai,Galaxy Auto
106,5017,201,1274400,2,20231130,30,11,2023,Delhi,Skyline Autos
102,5006,207,2176100,1,20231130,30,11,2023,Bangalore,Sun Motors
104,5010,208,3273900,1,20231130,30,11,2023,Hyderabad,Crown Cars
106,5015,203,1954500,2,20231130,30,11,2023,Delhi,Zenith Cars
103,5007,204,1104600,1,20231130,30,11,2023,Kochi,Metro Auto Hub
101,5002,201,2467700,4,20231130,30,11,2023,Chennai,Galaxy Auto
102,5006,201,3131700,5,20231201,1,12,2023,Bangalore,Sun Motors
106,5015,205,1320100,1,20231201,1,12,2023,Delhi,Zenith Cars
106,5017,205,13164300,10,20231201,1,12,2023,Delhi,Skyline Autos
103,5008,202,1616100,2,20231201,1,12,2023,Kochi,Star Drive
101,5001,205,2809300,2,20231202,2,12,2023,Chennai,Sri Motors
102,5006,205,3982700,3,20231202,2,12,2023,Bangalore,Sun Motors
106,5016,205,8615900,6,20231203,3,12,2023,Delhi,Pearl Motors
101,5002,203,1927300,2,20231203,3,12,2023,Chennai,Galaxy Auto
106,5017,203,3722100,4,20231203,3,12,2023,Delhi,Skyline Autos
106,5016,206,14796200,8,20231204,4,12,2023,Delhi,Pearl Motors
105,5014,203,911900,1,20231205,5,12,2023,Mumbai,Titan Automobiles
102,5006,208,6477000,2,20231205,5,12,2023,Bangalore,Sun Motors
103,5008,202,803100,1,20231205,5,12,2023,Kochi,Star Drive
105,5013,205,2895100,2,20231205,5,12,2023,Mumbai,Horizon Motors
105,5012,201,645400,1,20231205,5,12,2023,Mumbai,Green Wheels
105,5020,201,666800,1,20231205,5,12,2023,Mumbai,Lotus Automobiles
101,5002,208,12432100,4,20231206,6,12,2023,Chennai,Galaxy Auto
101,5002,204,3243400,3,20231206,6,12,2023,Chennai,Galaxy Auto
101,5001,207,2367700,1,20231206,6,12,2023,Chennai,Sri Motors
103,5007,203,4900400,5,20231206,6,12,2023,Kochi,Metro Auto Hub
105,5013,204,3421800,3,20231207,7,12,2023,Mumbai,Horizon Motors
105,5020,201,673200,1,20231207,7,12,2023,Mumbai,Lotus Automobiles
101,5003,201,1330200,2,20231207,7,12,2023,Chennai,Prime Wheels
105,5013,202,804400,1,20231207,7,12,2023,Mumbai,Horizon Motors
105,5012,201,673500,1,20231207,7,12,2023,Mumbai,Green Wheels
103,5019,205,8603800,6,20231207,7,12,2023,Kochi,Ace Motors
103,5007,201,1338300,2,20231208,8,12,2023,Kochi,Metro Auto Hub
101,5018,203,3732900,4,20231208,8,12,2023,Chennai,Falcon Drive
101,5018,203,2834200,3,20231209,9,12,2023,Chennai,Falcon Drive
106,5015,202,1556300,2,20231209,9,12,2023,Delhi,Zenith Cars
102,5006,203,978500,1,20231209,9,12,2023,Bangalore,Sun Motors
104,5009,205,1377600,1,20231209,9,12,2023,Hyderabad,Apex Motors
105,5013,202,3857800,5,20231210,10,12,2023,Mumbai,Horizon Motors
101,5018,201,626000,1,20231210,10,12,2023,Chennai,Falcon Drive
105,5012,204,4386700,4,20231210,10,12,2023,Mumbai,Green Wheels
104,5009,206,14690600,8,20231210,10,12,2023,Hyderabad,Apex Motors
105,5013,202,3933800,5,20231210,10,12,2023,Mumbai,Horizon Motors
102,5004,208,9808700,3,20231210,10,12,2023,Bangalore,Elite Cars
103,5019,201,1343800,2,20231210,10,12,2023,Kochi,Ace Motors
105,5012,203,1975500,2,20231210,10,12,2023,Mumbai,Green Wheels
101,5018,202,795700,1,20231210,10,12,2023,Chennai,Falcon Drive
105,5014,203,903600,1,20231211,11,12,2023,Mumbai,Titan Automobiles
101,5001,205,1337100,1,20231211,11,12,2023,Chennai,Sri Motors
106,5015,206,5190900,3,20231211,11,12,2023,Delhi,Zenith Cars
103,5008,201,1930700,3,20231212,12,12,2023,Kochi,Star Drive
101,5018,206,7221000,4,20231212,12,12,2023,Chennai,Falcon Drive
101,5018,206,3642100,2,20231212,12,12,2023,Chennai,Falcon Drive
101,5018,208,6552100,2,20231213,13,12,2023,Chennai,Falcon Drive
101,5018,202,1646700,2,20231213,13,12,2023,Chennai,Falcon Drive
103,5007,201,1233400,2,20231214,14,12,2023,Kochi,Metro Auto Hub
101,5018,206,3395300,2,20231214,14,12,2023,Chennai,Falcon Drive
106,5016,201,644000,1,20231214,14,12,2023,Delhi,Pearl Motors
103,5007,202,1623700,2,20231215,15,12,2023,Kochi,Metro Auto Hub
106,5016,201,1241200,2,20231215,15,12,2023,Delhi,Pearl Motors
105,5014,201,3709700,6,20231215,15,12,2023,Mumbai,Titan Automobiles
104,5011,203,1797000,2,20231215,15,12,2023,Hyderabad,Velocity Autos
105,5014,204,3458700,3,20231215,15,12,2023,Mumbai,Titan Automobiles
103,5008,204,2272000,2,20231216,16,12,2023,Kochi,Star Drive
104,5011,204,2224300,2,20231216,16,12,2023,Hyderabad,Velocity Autos
104,5011,202,4940900,6,20231217,17,12,2023,Hyderabad,Velocity Autos
105,5013,203,929100,1,20231217,17,12,2023,Mumbai,Horizon Motors
104,5011,205,5648600,4,20231217,17,12,2023,Hyderabad,Velocity Autos
105,5020,203,1953300,2,20231218,18,12,2023,Mumbai,Lotus Automobiles
102,5004,201,1239200,2,20231218,18,12,2023,Bangalore,Elite Cars
105,5013,201,1932900,3,20231218,18,12,2023,Mumbai,Horizon Motors
105,5014,201,1940100,3,20231219,19,12,2023,Mumbai,Titan Automobiles
103,5019,207,2252600,1,20231219,19,12,2023,Kochi,Ace Motors
101,5018,202,795300,1,20231219,19,12,2023,Chennai,Falcon Drive
104,5011,204,1096800,1,20231219,19,12,2023,Hyderabad,Velocity Autos
101,5001,201,618400,1,20231219,19,12,2023,Chennai,Sri Motors
102,5005,203,7616100,8,20231219,19,12,2023,Bangalore,Royal Automobiles
104,5010,206,6806500,4,20231220,20,12,2023,Hyderabad,Crown Cars
104,5010,205,1370400,1,20231220,20,12,2023,Hyderabad,Crown Cars
105,5020,203,943500,1,20231221,21,12,2023,Mumbai,Lotus Automobiles
106,5015,203,926400,1,20231222,22,12,2023,Delhi,Zenith Cars
106,5017,203,4723300,5,20231222,22,12,2023,Delhi,Skyline Autos
104,5009,206,1810400,1,20231222,22,12,2023,Hyderabad,Apex Motors
106,5017,207,8953700,4,20231222,22,12,2023,Delhi,Skyline Autos
106,5016,204,3391100,3,20231222,22,12,2023,Delhi,Pearl Motors
103,5007,202,824500,1,20231223,23,12,2023,Kochi,Metro Auto Hub
102,5004,202,2494700,3,20231223,23,12,2023,Bangalore,Elite Cars
103,5007,208,15089700,5,20231224,24,12,2023,Kochi,Metro Auto Hub
101,5018,204,4490900,4,20231224,24,12,2023,Chennai,Falcon Drive
105,5014,202,4101800,5,20231224,24,12,2023,Mumbai,Titan Automobiles
105,5020,208,3040600,1,20231224,24,12,2023,Mumbai,Lotus Automobiles
101,5001,202,2374500,3,20231224,24,12,2023,Chennai,Sri Motors
103,5007,203,3734500,4,20231224,24,12,2023,Kochi,Metro Auto Hub
102,5006,208,6353000,2,20231225,25,12,2023,Bangalore,Sun Motors
101,5018,203,2880700,3,20231225,25,12,2023,Chennai,Falcon Drive
105,5014,201,3715100,6,20231225,25,12,2023,Mumbai,Titan Automobiles
101,5003,204,2278100,2,20231225,25,12,2023,Chennai,Prime Wheels
101,5018,201,1875000,3,20231225,25,12,2023,Chennai,Falcon Drive
106,5015,201,3964100,6,20231226,26,12,2023,Delhi,Zenith Cars
101,5002,203,2928200,3,20231226,26,12,2023,Chennai,Galaxy Auto
104,5010,202,2459800,3,20231226,26,12,2023,Hyderabad,Crown Cars
105,5013,201,626100,1,20231226,26,12,2023,Mumbai,Horizon Motors
104,5011,202,6662600,8,20231227,27,12,2023,Hyderabad,Velocity Autos
101,5003,204,1165600,1,20231227,27,12,2023,Chennai,Prime Wheels
106,5015,202,3351400,4,20231227,27,12,2023,Delhi,Zenith Cars
101,5002,202,2415100,3,20231228,28,12,2023,Chennai,Galaxy Auto
101,5018,201,662800,1,20231228,28,12,2023,Chennai,Falcon Drive
103,5007,201,668900,1,20231228,28,12,2023,Kochi,Metro Auto Hub
102,5004,202,1622900,2,20231229,29,12,2023,Bangalore,Elite Cars
105,5014,208,6541800,2,20231229,29,12,2023,Mumbai,Titan Automobiles
106,5017,203,7591100,8,20231230,30,12,2023,Delhi,Skyline Autos
102,5005,204,5791500,5,20231230,30,12,2023,Bangalore,Royal Automobiles
101,5018,201,1959500,3,20231231,31,12,2023,Chennai,Falcon Drive
104,5010,203,2932200,3,20231231,31,12,2023,Hyderabad,Crown Cars
102,5005,203,2899600,3,20231231,31,12,2023,Bangalore,Royal Automobiles
105,5014,201,2019000,3,20231231,31,12,2023,Mumbai,Titan Automobiles
101,5002,207,6912000,3,20240101,1,1,2024,Chennai,Galaxy Auto
102,5005,204,2397200,2,20240101,1,1,2024,Bangalore,Royal Automobiles
103,5019,201,1347800,2,20240102,2,1,2024,Kochi,Ace Motors
104,5010,201,635200,1,20240102,2,1,2024,Hyderabad,Crown Cars
101,5002,206,1843000,1,20240102,2,1,2024,Chennai,Galaxy Auto
103,5019,208,13181600,4,20240103,3,1,2024,Kochi,Ace Motors
106,5016,201,642900,1,20240103,3,1,2024,Delhi,Pearl Motors
106,5016,203,996200,1,20240103,3,1,2024,Delhi,Pearl Motors
104,5009,203,987000,1,20240103,3,1,2024,Hyderabad,Apex Motors
104,5011,204,2451900,2,20240104,4,1,2024,Hyderabad,Velocity Autos
106,5015,201,694100,1,20240104,4,1,2024,Delhi,Zenith Cars
105,5014,201,1279200,2,20240104,4,1,2024,Mumbai,Titan Automobiles
102,5004,204,4594700,4,20240105,5,1,2024,Bangalore,Elite Cars
102,5004,208,10147900,3,20240105,5,1,2024,Bangalore,Elite Cars
106,5016,203,976900,1,20240105,5,1,2024,Delhi,Pearl Motors
104,5011,204,1163900,1,20240105,5,1,2024,Hyderabad,Velocity Autos
105,5012,205,2925800,2,20240106,6,1,2024,Mumbai,Green Wheels
104,5011,205,1443700,1,20240107,7,1,2024,Hyderabad,Velocity Autos
103,5019,201,679400,1,20240107,7,1,2024,Kochi,Ace Motors
101,5003,205,1373100,1,20240108,8,1,2024,Chennai,Prime Wheels
101,5002,205,1373400,1,20240108,8,1,2024,Chennai,Galaxy Auto
103,5008,203,2010000,2,20240108,8,1,2024,Kochi,Star Drive
106,5015,204,5825200,5,20240108,8,1,2024,Delhi,Zenith Cars
104,5010,206,7129800,4,20240108,8,1,2024,Hyderabad,Crown Cars
106,5017,206,5546100,3,20240108,8,1,2024,Delhi,Skyline Autos
101,5018,205,2933700,2,20240108,8,1,2024,Chennai,Falcon Drive
104,5010,207,7229900,3,20240108,8,1,2024,Hyderabad,Crown Cars
103,5019,203,5816200,6,20240109,9,1,2024,Kochi,Ace Motors
104,5010,202,859400,1,20240110,10,1,2024,Hyderabad,Crown Cars
101,5018,201,1378100,2,20240110,10,1,2024,Chennai,Falcon Drive
105,5012,201,2617800,4,20240110,10,1,2024,Mumbai,Green Wheels
106,5016,204,1151200,1,20240110,10,1,2024,Delhi,Pearl Motors
105,5014,204,3353800,3,20240110,10,1,2024,Mumbai,Titan Automobiles
106,5016,204,1193600,1,20240111,11,1,2024,Delhi,Pearl Motors
104,5010,202,5039000,6,20240111,11,1,2024,Hyderabad,Crown Cars
106,5017,205,4184900,3,20240111,11,1,2024,Delhi,Skyline Autos
106,5016,201,2701600,4,20240112,12,1,2024,Delhi,Pearl Motors
101,5001,206,1759300,1,20240112,12,1,2024,Chennai,Sri Motors
105,5013,205,2967100,2,20240112,12,1,2024,Mumbai,Horizon Motors
106,5015,206,3560400,2,20240112,12,1,2024,Delhi,Zenith Cars
101,5001,204,7081700,6,20240113,13,1,2024,Chennai,Sri Motors
106,5017,202,873800,1,20240113,13,1,2024,Delhi,Skyline Autos
105,5014,205,1483600,1,20240113,13,1,2024,Mumbai,Titan Automobiles
102,5006,202,1670500,2,20240114,14,1,2024,Bangalore,Sun Motors
104,5010,201,2079500,3,20240114,14,1,2024,Hyderabad,Crown Cars
101,5018,202,4962900,6,20240114,14,1,2024,Chennai,Falcon Drive
102,5005,202,861600,1,20240115,15,1,2024,Bangalore,Royal Automobiles
101,5002,203,968200,1,20240115,15,1,2024,Chennai,Galaxy Auto
104,5009,205,1387100,1,20240115,15,1,2024,Hyderabad,Apex Motors
103,5019,201,1327200,2,20240116,16,1,2024,Kochi,Ace Motors
103,5019,203,2872500,3,20240116,16,1,2024,Kochi,Ace Motors
105,5013,205,1498400,1,20240116,16,1,2024,Mumbai,Horizon Motors
105,5014,205,2965300,2,20240116,16,1,2024,Mumbai,Titan Automobiles
103,5019,207,2239700,1,20240116,16,1,2024,Kochi,Ace Motors
105,5013,202,836400,1,20240116,16,1,2024,Mumbai,Horizon Motors
103,5007,204,1224800,1,20240116,16,1,2024,Kochi,Metro Auto Hub
105,5020,204,1187500,1,20240116,16,1,2024,Mumbai,Lotus Automobiles
102,5004,204,3371900,3,20240117,17,1,2024,Bangalore,Elite Cars
102,5004,205,4112500,3,20240117,17,1,2024,Bangalore,Elite Cars
103,5019,201,1364000,2,20240117,17,1,2024,Kochi,Ace Motors
101,5018,204,2428100,2,20240117,17,1,2024,Chennai,Falcon Drive
101,5002,205,1417100,1,20240118,18,1,2024,Chennai,Galaxy Auto
101,5002,208,3101500,1,20240118,18,1,2024,Chennai,Galaxy Auto
101,5018,203,981000,1,20240118,18,1,2024,Chennai,Falcon Drive
102,5004,204,2382400,2,20240118,18,1,2024,Bangalore,Elite Cars
102,5004,202,817100,1,20240118,18,1,2024,Bangalore,Elite Cars
103,5008,204,9764500,8,20240118,18,1,2024,Kochi,Star Drive
105,5020,201,1337500,2,20240118,18,1,2024,Mumbai,Lotus Automobiles
105,5012,201,1296600,2,20240119,19,1,2024,Mumbai,Green Wheels
105,5014,202,1683800,2,20240119,19,1,2024,Mumbai,Titan Automobiles
103,5007,203,978400,1,20240120,20,1,2024,Kochi,Metro Auto Hub
102,5004,202,822400,1,20240120,20,1,2024,Bangalore,Elite Cars
104,5009,207,13963300,6,20240120,20,1,2024,Hyderabad,Apex Motors
106,5016,201,690400,1,20240120,20,1,2024,Delhi,Pearl Motors
102,5004,203,1934800,2,20240120,20,1,2024,Bangalore,Elite Cars
104,5010,201,1360400,2,20240121,21,1,2024,Hyderabad,Crown Cars
106,5016,201,3162000,5,20240121,21,1,2024,Delhi,Pearl Motors
105,5013,201,2581200,4,20240122,22,1,2024,Mumbai,Horizon Motors
106,5016,206,1780600,1,20240122,22,1,2024,Delhi,Pearl Motors
106,5016,208,13567500,4,20240123,23,1,2024,Delhi,Pearl Motors
102,5004,205,2902800,2,20240123,23,1,2024,Bangalore,Elite Cars
105,5012,203,3801600,4,20240123,23,1,2024,Mumbai,Green Wheels
103,5007,201,1326700,2,20240124,24,1,2024,Kochi,Metro Auto Hub
101,5002,203,4640000,5,20240124,24,1,2024,Chennai,Galaxy Auto
101,5018,203,982700,1,20240124,24,1,2024,Chennai,Falcon Drive
106,5015,204,2353800,2,20240124,24,1,2024,Delhi,Zenith Cars
105,5013,201,1985200,3,20240125,25,1,2024,Mumbai,Horizon Motors
105,5013,206,1902800,1,20240125,25,1,2024,Mumbai,Horizon Motors
105,5020,202,4209500,5,20240125,25,1,2024,Mumbai,Lotus Automobiles
101,5003,204,3447100,3,20240125,25,1,2024,Chennai,Prime Wheels
101,5018,201,646700,1,20240125,25,1,2024,Chennai,Falcon Drive
102,5006,203,2888500,3,20240125,25,1,2024,Bangalore,Sun Motors
101,5003,202,1671500,2,20240126,26,1,2024,Chennai,Prime Wheels
106,5015,201,4027000,6,20240126,26,1,2024,Delhi,Zenith Cars
102,5004,205,5497500,4,20240126,26,1,2024,Bangalore,Elite Cars
101,5001,201,3838500,6,20240126,26,1,2024,Chennai,Sri Motors
106,5017,201,3242300,5,20240126,26,1,2024,Delhi,Skyline Autos
104,5009,202,822000,1,20240127,27,1,2024,Hyderabad,Apex Motors
106,5017,204,1187500,1,20240127,27,1,2024,Delhi,Skyline Autos
103,5008,206,5652900,3,20240127,27,1,2024,Kochi,Star Drive
106,5015,201,1316700,2,20240128,28,1,2024,Delhi,Zenith Cars
104,5009,205,1489000,1,20240128,28,1,2024,Hyderabad,Apex Motors
106,5015,205,6976200,5,20240128,28,1,2024,Delhi,Zenith Cars
104,5011,204,3695500,3,20240128,28,1,2024,Hyderabad,Velocity Autos
105,5012,202,1691600,2,20240128,28,1,2024,Mumbai,Green Wheels
102,5004,202,797800,1,20240128,28,1,2024,Bangalore,Elite Cars
105,5020,205,1408200,1,20240129,29,1,2024,Mumbai,Lotus Automobiles
105,5020,205,1434000,1,20240129,29,1,2024,Mumbai,Lotus Automobiles
105,5013,201,3439100,5,20240129,29,1,2024,Mumbai,Horizon Motors
102,5006,206,3703900,2,20240129,29,1,2024,Bangalore,Sun Motors
105,5014,207,9389600,4,20240130,30,1,2024,Mumbai,Titan Automobiles
103,5019,208,6374500,2,20240130,30,1,2024,Kochi,Ace Motors
105,5012,202,1638300,2,20240130,30,1,2024,Mumbai,Green Wheels
101,5002,204,2311700,2,20240131,31,1,2024,Chennai,Galaxy Auto
104,5009,203,4841400,5,20240201,1,2,2024,Hyderabad,Apex Motors
102,5005,201,674700,1,20240201,1,2,2024,Bangalore,Royal Automobiles
104,5010,203,2022200,2,20240201,1,2,2024,Hyderabad,Crown Cars
103,5008,207,8993000,4,20240201,1,2,2024,Kochi,Star Drive
105,5012,201,3997900,6,20240202,2,2,2024,Mumbai,Green Wheels
103,5008,201,677900,1,20240202,2,2,2024,Kochi,Star Drive
103,5008,203,1906400,2,20240203,3,2,2024,Kochi,Star Drive
105,5013,204,3614800,3,20240204,4,2,2024,Mumbai,Horizon Motors
101,5002,202,826900,1,20240204,4,2,2024,Chennai,Galaxy Auto
104,5010,202,805900,1,20240204,4,2,2024,Hyderabad,Crown Cars
105,5020,204,2365000,2,20240205,5,2,2024,Mumbai,Lotus Automobiles
101,5002,202,828600,1,20240205,5,2,2024,Chennai,Galaxy Auto
105,5013,203,929600,1,20240205,5,2,2024,Mumbai,Horizon Motors
104,5010,206,3510900,2,20240206,6,2,2024,Hyderabad,Crown Cars
105,5012,208,25540200,8,20240207,7,2,2024,Mumbai,Green Wheels
102,5006,203,3764500,4,20240207,7,2,2024,Bangalore,Sun Motors
106,5015,202,817200,1,20240207,7,2,2024,Delhi,Zenith Cars
103,5019,204,3688400,3,20240207,7,2,2024,Kochi,Ace Motors
105,5020,201,678800,1,20240207,7,2,2024,Mumbai,Lotus Automobiles
104,5010,207,2328700,1,20240208,8,2,2024,Hyderabad,Crown Cars
103,5008,202,866400,1,20240208,8,2,2024,Kochi,Star Drive
103,5019,201,3182800,5,20240208,8,2,2024,Kochi,Ace Motors
101,5001,202,6560300,8,20240208,8,2,2024,Chennai,Sri Motors
103,5019,204,1231400,1,20240208,8,2,2024,Kochi,Ace Motors
104,5009,203,1006300,1,20240208,8,2,2024,Hyderabad,Apex Motors
101,5001,202,1611200,2,20240208,8,2,2024,Chennai,Sri Motors
105,5014,202,822800,1,20240208,8,2,2024,Mumbai,Titan Automobiles
105,5020,201,667400,1,20240209,9,2,2024,Mumbai,Lotus Automobiles
105,5013,207,2292500,1,20240210,10,2,2024,Mumbai,Horizon Motors
106,5015,204,1215500,1,20240211,11,2,2024,Delhi,Zenith Cars
102,5006,204,3474700,3,20240211,11,2,2024,Bangalore,Sun Motors
103,5007,202,795200,1,20240211,11,2,2024,Kochi,Metro Auto Hub
104,5011,204,1216400,1,20240211,11,2,2024,Hyderabad,Velocity Autos
106,5017,206,3599000,2,20240212,12,2,2024,Delhi,Skyline Autos
103,5007,202,4018000,5,20240212,12,2,2024,Kochi,Metro Auto Hub
105,5013,201,1375000,2,20240212,12,2,2024,Mumbai,Horizon Motors
105,5013,207,2355200,1,20240212,12,2,2024,Mumbai,Horizon Motors
101,5018,202,6645600,8,20240212,12,2,2024,Chennai,Falcon Drive
106,5016,201,2687600,4,20240212,12,2,2024,Delhi,Pearl Motors
101,5001,201,661100,1,20240212,12,2,2024,Chennai,Sri Motors
102,5005,207,4709400,2,20240213,13,2,2024,Bangalore,Royal Automobiles
105,5012,202,1743300,2,20240213,13,2,2024,Mumbai,Green Wheels
105,5020,207,9190000,4,20240214,14,2,2024,Mumbai,Lotus Automobiles
105,5014,204,1156400,1,20240214,14,2,2024,Mumbai,Titan Automobiles
102,5004,203,4979700,5,20240214,14,2,2024,Bangalore,Elite Cars
103,5019,201,2544300,4,20240215,15,2,2024,Kochi,Ace Motors
102,5006,201,3290900,5,20240215,15,2,2024,Bangalore,Sun Motors
101,5018,204,4505900,4,20240215,15,2,2024,Chennai,Falcon Drive
101,5002,204,2446700,2,20240216,16,2,2024,Chennai,Galaxy Auto
105,5013,201,1336400,2,20240216,16,2,2024,Mumbai,Horizon Motors
101,5018,203,945800,1,20240216,16,2,2024,Chennai,Falcon Drive
102,5004,204,2440200,2,20240216,16,2,2024,Bangalore,Elite Cars
105,5012,201,1367700,2,20240216,16,2,2024,Mumbai,Green Wheels
102,5004,203,7422500,8,20240216,16,2,2024,Bangalore,Elite Cars
106,5016,203,1966700,2,20240217,17,2,2024,Delhi,Pearl Motors
101,5018,203,923800,1,20240217,17,2,2024,Chennai,Falcon Drive
102,5006,202,4210300,5,20240217,17,2,2024,Bangalore,Sun Motors
103,5019,206,5624100,3,20240217,17,2,2024,Kochi,Ace Motors
103,5019,204,2310200,2,20240218,18,2,2024,Kochi,Ace Motors
105,5013,206,3582700,2,20240219,19,2,2024,Mumbai,Horizon Motors
106,5015,202,803300,1,20240219,19,2,2024,Delhi,Zenith Cars
102,5006,207,9106300,4,20240219,19,2,2024,Bangalore,Sun Motors
103,5019,201,1301800,2,20240219,19,2,2024,Kochi,Ace Motors
103,5008,201,629700,1,20240220,20,2,2024,Kochi,Star Drive
104,5011,201,685100,1,20240220,20,2,2024,Hyderabad,Velocity Autos
105,5012,203,2897000,3,20240221,21,2,2024,Mumbai,Green Wheels
101,5003,203,2909800,3,20240221,21,2,2024,Chennai,Prime Wheels
101,5001,201,3433000,5,20240223,23,2,2024,Chennai,Sri Motors
101,5018,206,3793000,2,20240223,23,2,2024,Chennai,Falcon Drive
103,5008,202,1614900,2,20240223,23,2,2024,Kochi,Star Drive
104,5009,207,9642500,4,20240223,23,2,2024,Hyderabad,Apex Motors
105,5012,201,1368800,2,20240224,24,2,2024,Mumbai,Green Wheels
105,5020,201,5524800,8,20240224,24,2,2024,Mumbai,Lotus Automobiles
104,5011,201,1904500,3,20240224,24,2,2024,Hyderabad,Velocity Autos
103,5008,203,949400,1,20240224,24,2,2024,Kochi,Star Drive
106,5017,203,3924800,4,20240225,25,2,2024,Delhi,Skyline Autos
105,5014,204,1165100,1,20240225,25,2,2024,Mumbai,Titan Automobiles
104,5011,203,1949300,2,20240225,25,2,2024,Hyderabad,Velocity Autos
101,5003,203,1962600,2,20240226,26,2,2024,Chennai,Prime Wheels
102,5004,201,689300,1,20240227,27,2,2024,Bangalore,Elite Cars
102,5006,207,2286100,1,20240227,27,2,2024,Bangalore,Sun Motors
105,5012,208,19219400,6,20240227,27,2,2024,Mumbai,Green Wheels
101,5001,205,1412300,1,20240228,28,2,2024,Chennai,Sri Motors
105,5020,205,1400100,1,20240228,28,2,2024,Mumbai,Lotus Automobiles
105,5012,207,6902800,3,20240228,28,2,2024,Mumbai,Green Wheels
103,5007,202,3256400,4,20240228,28,2,2024,Kochi,Metro Auto Hub
105,5012,202,1756600,2,20240229,29,2,2024,Mumbai,Green Wheels
106,5016,203,5035300,5,20240301,1,3,2024,Delhi,Pearl Motors
104,5011,205,1472100,1,20240302,2,3,2024,Hyderabad,Velocity Autos
106,5017,205,1418900,1,20240302,2,3,2024,Delhi,Skyline Autos
102,5004,204,4746500,4,20240303,3,3,2024,Bangalore,Elite Cars
105,5014,203,3867800,4,20240303,3,3,2024,Mumbai,Titan Automobiles
102,5005,202,4218200,5,20240304,4,3,2024,Bangalore,Royal Automobiles
105,5013,202,2501600,3,20240304,4,3,2024,Mumbai,Horizon Motors
106,5017,204,5611700,5,20240304,4,3,2024,Delhi,Skyline Autos
102,5004,202,1630100,2,20240305,5,3,2024,Bangalore,Elite Cars
105,5013,205,2737000,2,20240305,5,3,2024,Mumbai,Horizon Motors
102,5006,204,2280800,2,20240305,5,3,2024,Bangalore,Sun Motors
104,5011,203,4802300,5,20240305,5,3,2024,Hyderabad,Velocity Autos
102,5006,205,1428900,1,20240305,5,3,2024,Bangalore,Sun Motors
103,5007,201,682500,1,20240306,6,3,2024,Kochi,Metro Auto Hub
104,5010,203,1985200,2,20240308,8,3,2024,Hyderabad,Crown Cars
101,5002,202,4266200,5,20240308,8,3,2024,Chennai,Galaxy Auto
105,5014,208,3403300,1,20240308,8,3,2024,Mumbai,Titan Automobiles
106,5015,204,1190000,1,20240309,9,3,2024,Delhi,Zenith Cars
106,5017,203,1964100,2,20240309,9,3,2024,Delhi,Skyline Autos
102,5006,208,6610300,2,20240309,9,3,2024,Bangalore,Sun Motors
102,5006,202,806200,1,20240309,9,3,2024,Bangalore,Sun Motors
103,5008,201,690800,1,20240309,9,3,2024,Kochi,Star Drive
104,5011,202,813300,1,20240310,10,3,2024,Hyderabad,Velocity Autos
101,5003,202,4166500,5,20240310,10,3,2024,Chennai,Prime Wheels
101,5001,204,2290600,2,20240310,10,3,2024,Chennai,Sri Motors
103,5007,202,1656500,2,20240310,10,3,2024,Kochi,Metro Auto Hub
105,5012,204,2233200,2,20240310,10,3,2024,Mumbai,Green Wheels
101,5001,204,3679600,3,20240310,10,3,2024,Chennai,Sri Motors
105,5013,208,9336800,3,20240311,11,3,2024,Mumbai,Horizon Motors
103,5019,201,6616500,10,20240311,11,3,2024,Kochi,Ace Motors
105,5012,208,6769400,2,20240312,12,3,2024,Mumbai,Green Wheels
104,5009,204,9012600,8,20240312,12,3,2024,Hyderabad,Apex Motors
103,5008,202,2511600,3,20240312,12,3,2024,Kochi,Star Drive
103,5007,208,20199500,6,20240312,12,3,2024,Kochi,Metro Auto Hub
101,5003,201,1378100,2,20240313,13,3,2024,Chennai,Prime Wheels
105,5013,201,1319600,2,20240313,13,3,2024,Mumbai,Horizon Motors
104,5009,202,848900,1,20240313,13,3,2024,Hyderabad,Apex Motors
105,5012,205,5937700,4,20240314,14,3,2024,Mumbai,Green Wheels
102,5005,201,1380900,2,20240314,14,3,2024,Bangalore,Royal Automobiles
102,5006,201,661300,1,20240314,14,3,2024,Bangalore,Sun Motors
106,5015,204,9255200,8,20240314,14,3,2024,Delhi,Zenith Cars
102,5006,203,961400,1,20240314,14,3,2024,Bangalore,Sun Motors
102,5005,201,1314400,2,20240314,14,3,2024,Bangalore,Royal Automobiles
101,5001,201,1304900,2,20240315,15,3,2024,Chennai,Sri Motors
103,5008,207,2333500,1,20240315,15,3,2024,Kochi,Star Drive
102,5004,205,5536900,4,20240315,15,3,2024,Bangalore,Elite Cars
103,5019,204,3629800,3,20240316,16,3,2024,Kochi,Ace Motors
105,5020,203,3797100,4,20240316,16,3,2024,Mumbai,Lotus Automobiles
105,5014,204,9521100,8,20240316,16,3,2024,Mumbai,Titan Automobiles
105,5013,202,6852300,8,20240317,17,3,2024,Mumbai,Horizon Motors
103,5008,208,18787500,6,20240317,17,3,2024,Kochi,Star Drive
104,5009,205,4207800,3,20240317,17,3,2024,Hyderabad,Apex Motors
104,5009,204,1231400,1,20240317,17,3,2024,Hyderabad,Apex Motors
106,5017,201,1376600,2,20240317,17,3,2024,Delhi,Skyline Autos
102,5004,208,9567000,3,20240317,17,3,2024,Bangalore,Elite Cars
102,5006,207,2362700,1,20240318,18,3,2024,Bangalore,Sun Motors
104,5011,204,1205000,1,20240318,18,3,2024,Hyderabad,Velocity Autos
104,5009,204,1113900,1,20240318,18,3,2024,Hyderabad,Apex Motors
106,5017,203,3873600,4,20240319,19,3,2024,Delhi,Skyline Autos
105,5020,201,2530300,4,20240320,20,3,2024,Mumbai,Lotus Automobiles
101,5018,201,3207000,5,20240320,20,3,2024,Chennai,Falcon Drive
103,5019,205,2848600,2,20240320,20,3,2024,Kochi,Ace Motors
103,5019,208,9697000,3,20240320,20,3,2024,Kochi,Ace Motors
106,5015,204,3556000,3,20240320,20,3,2024,Delhi,Zenith Cars
106,5017,202,842600,1,20240320,20,3,2024,Delhi,Skyline Autos
101,5018,207,2390200,1,20240321,21,3,2024,Chennai,Falcon Drive
103,5019,207,4871400,2,20240321,21,3,2024,Kochi,Ace Motors
101,5003,201,1371000,2,20240321,21,3,2024,Chennai,Prime Wheels
106,5015,205,2999200,2,20240321,21,3,2024,Delhi,Zenith Cars
101,5001,207,2276200,1,20240322,22,3,2024,Chennai,Sri Motors
105,5013,205,5687400,4,20240322,22,3,2024,Mumbai,Horizon Motors
102,5006,201,1936600,3,20240322,22,3,2024,Bangalore,Sun Motors
103,5019,207,23730000,10,20240322,22,3,2024,Kochi,Ace Motors
104,5009,203,3691600,4,20240322,22,3,2024,Hyderabad,Apex Motors
104,5011,207,2290300,1,20240322,22,3,2024,Hyderabad,Velocity Autos
102,5005,208,15801700,5,20240322,22,3,2024,Bangalore,Royal Automobiles
104,5009,204,1169000,1,20240322,22,3,2024,Hyderabad,Apex Motors
105,5013,207,7045700,3,20240323,23,3,2024,Mumbai,Horizon Motors
105,5013,201,5278000,8,20240323,23,3,2024,Mumbai,Horizon Motors
105,5014,203,1960100,2,20240323,23,3,2024,Mumbai,Titan Automobiles
101,5003,202,2578400,3,20240323,23,3,2024,Chennai,Prime Wheels
103,5019,203,962300,1,20240324,24,3,2024,Kochi,Ace Motors
101,5002,207,2404700,1,20240324,24,3,2024,Chennai,Galaxy Auto
102,5005,204,3573300,3,20240324,24,3,2024,Bangalore,Royal Automobiles
104,5010,201,648000,1,20240325,25,3,2024,Hyderabad,Crown Cars
101,5002,202,2583400,3,20240325,25,3,2024,Chennai,Galaxy Auto
103,5019,205,1415200,1,20240326,26,3,2024,Kochi,Ace Motors
103,5019,202,1740800,2,20240326,26,3,2024,Kochi,Ace Motors
103,5007,206,5755000,3,20240327,27,3,2024,Kochi,Metro Auto Hub
101,5002,201,638300,1,20240327,27,3,2024,Chennai,Galaxy Auto
103,5007,202,3443600,4,20240328,28,3,2024,Kochi,Metro Auto Hub
104,5010,204,2290100,2,20240328,28,3,2024,Hyderabad,Crown Cars
104,5010,205,14623800,10,20240328,28,3,2024,Hyderabad,Crown Cars
101,5018,204,1193400,1,20240328,28,3,2024,Chennai,Falcon Drive
104,5009,201,689500,1,20240328,28,3,2024,Hyderabad,Apex Motors
104,5011,202,877800,1,20240329,29,3,2024,Hyderabad,Velocity Autos
102,5005,203,921200,1,20240329,29,3,2024,Bangalore,Royal Automobiles
101,5003,207,11448000,5,20240329,29,3,2024,Chennai,Prime Wheels
104,5009,206,1787800,1,20240329,29,3,2024,Hyderabad,Apex Motors
106,5017,203,4858100,5,20240330,30,3,2024,Delhi,Skyline Autos
106,5016,202,1653600,2,20240331,31,3,2024,Delhi,Pearl Motors
104,5009,201,1374900,2,20240331,31,3,2024,Hyderabad,Apex Motors
104,5009,201,1908200,3,20240331,31,3,2024,Hyderabad,Apex Motors
103,5007,205,2879100,2,20240331,31,3,2024,Kochi,Metro Auto Hub
104,5009,202,2633400,3,20240331,31,3,2024,Hyderabad,Apex Motors
104,5010,204,3688600,3,20240401,1,4,2024,Hyderabad,Crown Cars
102,5004,203,3809300,4,20240401,1,4,2024,Bangalore,Elite Cars
106,5016,208,6637300,2,20240402,2,4,2024,Delhi,Pearl Motors
105,5014,204,2283200,2,20240402,2,4,2024,Mumbai,Titan Automobiles
105,5014,202,838000,1,20240403,3,4,2024,Mumbai,Titan Automobiles
102,5004,202,1732500,2,20240403,3,4,2024,Bangalore,Elite Cars
105,5013,201,5345000,8,20240403,3,4,2024,Mumbai,Horizon Motors
106,5017,201,1288900,2,20240403,3,4,2024,Delhi,Skyline Autos
101,5003,201,3859700,6,20240404,4,4,2024,Chennai,Prime Wheels
104,5009,205,11924100,8,20240404,4,4,2024,Hyderabad,Apex Motors
105,5013,201,1967000,3,20240404,4,4,2024,Mumbai,Horizon Motors
106,5015,201,1988900,3,20240405,5,4,2024,Delhi,Zenith Cars
105,5020,202,821600,1,20240405,5,4,2024,Mumbai,Lotus Automobiles
101,5001,201,1905700,3,20240405,5,4,2024,Chennai,Sri Motors
101,5001,208,3133700,1,20240405,5,4,2024,Chennai,Sri Motors
106,5016,202,1688800,2,20240405,5,4,2024,Delhi,Pearl Motors
105,5013,203,936600,1,20240405,5,4,2024,Mumbai,Horizon Motors
104,5011,201,2517700,4,20240405,5,4,2024,Hyderabad,Velocity Autos
101,5001,202,2436300,3,20240405,5,4,2024,Chennai,Sri Motors
104,5009,202,846600,1,20240405,5,4,2024,Hyderabad,Apex Motors
106,5016,201,2727700,4,20240406,6,4,2024,Delhi,Pearl Motors
101,5018,205,1458900,1,20240406,6,4,2024,Chennai,Falcon Drive
104,5010,202,5078200,6,20240406,6,4,2024,Hyderabad,Crown Cars
104,5010,201,1376000,2,20240406,6,4,2024,Hyderabad,Crown Cars
106,5015,205,5623000,4,20240407,7,4,2024,Delhi,Zenith Cars
102,5005,203,3051300,3,20240407,7,4,2024,Bangalore,Royal Automobiles
106,5016,201,656600,1,20240407,7,4,2024,Delhi,Pearl Motors
102,5006,208,6357800,2,20240407,7,4,2024,Bangalore,Sun Motors
103,5007,201,691100,1,20240407,7,4,2024,Kochi,Metro Auto Hub
105,5014,203,1949500,2,20240407,7,4,2024,Mumbai,Titan Automobiles
104,5011,203,959000,1,20240407,7,4,2024,Hyderabad,Velocity Autos
102,5005,202,2434900,3,20240408,8,4,2024,Bangalore,Royal Automobiles
101,5018,203,4617500,5,20240408,8,4,2024,Chennai,Falcon Drive
103,5008,202,2628400,3,20240408,8,4,2024,Kochi,Star Drive
105,5020,202,867700,1,20240409,9,4,2024,Mumbai,Lotus Automobiles
105,5014,201,695800,1,20240409,9,4,2024,Mumbai,Titan Automobiles
105,5020,202,851200,1,20240409,9,4,2024,Mumbai,Lotus Automobiles
105,5014,202,845300,1,20240409,9,4,2024,Mumbai,Titan Automobiles
101,5002,202,8334900,10,20240409,9,4,2024,Chennai,Galaxy Auto
106,5016,205,11152700,8,20240410,10,4,2024,Delhi,Pearl Motors
106,5016,202,1754000,2,20240410,10,4,2024,Delhi,Pearl Motors
103,5019,203,1888800,2,20240410,10,4,2024,Kochi,Ace Motors
101,5018,201,5070500,8,20240411,11,4,2024,Chennai,Falcon Drive
104,5011,203,2763400,3,20240411,11,4,2024,Hyderabad,Velocity Autos
103,5007,208,3135100,1,20240412,12,4,2024,Kochi,Metro Auto Hub
101,5002,201,1346600,2,20240412,12,4,2024,Chennai,Galaxy Auto
101,5001,202,6378000,8,20240412,12,4,2024,Chennai,Sri Motors
103,5008,205,2754000,2,20240413,13,4,2024,Kochi,Star Drive
101,5018,205,8849500,6,20240413,13,4,2024,Chennai,Falcon Drive
104,5011,205,2841800,2,20240413,13,4,2024,Hyderabad,Velocity Autos
106,5016,201,674800,1,20240413,13,4,2024,Delhi,Pearl Motors
102,5006,201,667200,1,20240414,14,4,2024,Bangalore,Sun Motors
102,5006,206,9586300,5,20240415,15,4,2024,Bangalore,Sun Motors
101,5018,204,4737200,4,20240415,15,4,2024,Chennai,Falcon Drive
101,5003,202,2484100,3,20240415,15,4,2024,Chennai,Prime Wheels
103,5019,204,1120500,1,20240415,15,4,2024,Kochi,Ace Motors
106,5017,201,1351600,2,20240415,15,4,2024,Delhi,Skyline Autos
105,5014,207,2237700,1,20240416,16,4,2024,Mumbai,Titan Automobiles
105,5012,201,1261800,2,20240416,16,4,2024,Mumbai,Green Wheels
104,5009,205,4329400,3,20240416,16,4,2024,Hyderabad,Apex Motors
106,5016,204,4693200,4,20240416,16,4,2024,Delhi,Pearl Motors
101,5003,207,14196700,6,20240417,17,4,2024,Chennai,Prime Wheels
102,5004,206,5496800,3,20240417,17,4,2024,Bangalore,Elite Cars
105,5020,203,3961100,4,20240417,17,4,2024,Mumbai,Lotus Automobiles
104,5010,201,642800,1,20240417,17,4,2024,Hyderabad,Crown Cars
105,5012,203,951700,1,20240418,18,4,2024,Mumbai,Green Wheels
101,5003,204,3377500,3,20240418,18,4,2024,Chennai,Prime Wheels
101,5001,203,1011900,1,20240419,19,4,2024,Chennai,Sri Motors
105,5012,204,4847200,4,20240419,19,4,2024,Mumbai,Green Wheels
102,5006,204,2269000,2,20240421,21,4,2024,Bangalore,Sun Motors
101,5003,203,6014100,6,20240421,21,4,2024,Chennai,Prime Wheels
104,5009,201,636600,1,20240421,21,4,2024,Hyderabad,Apex Motors
106,5017,206,1783000,1,20240422,22,4,2024,Delhi,Skyline Autos
102,5004,202,3383700,4,20240422,22,4,2024,Bangalore,Elite Cars
105,5020,204,5715700,5,20240422,22,4,2024,Mumbai,Lotus Automobiles
103,5008,201,4053300,6,20240423,23,4,2024,Kochi,Star Drive
106,5016,205,2727000,2,20240423,23,4,2024,Delhi,Pearl Motors
103,5008,202,2454800,3,20240423,23,4,2024,Kochi,Star Drive
105,5013,205,11751800,8,20240423,23,4,2024,Mumbai,Horizon Motors
102,5005,201,1912800,3,20240423,23,4,2024,Bangalore,Royal Automobiles
106,5017,202,3275800,4,20240424,24,4,2024,Delhi,Skyline Autos
101,5003,207,2239800,1,20240424,24,4,2024,Chennai,Prime Wheels
104,5010,201,630000,1,20240424,24,4,2024,Hyderabad,Crown Cars
105,5013,201,670800,1,20240424,24,4,2024,Mumbai,Horizon Motors
104,5009,206,5409000,3,20240425,25,4,2024,Hyderabad,Apex Motors
103,5007,201,655600,1,20240425,25,4,2024,Kochi,Metro Auto Hub
101,5002,205,11025700,8,20240425,25,4,2024,Chennai,Galaxy Auto
102,5006,202,3499100,4,20240425,25,4,2024,Bangalore,Sun Motors
102,5006,207,6813000,3,20240426,26,4,2024,Bangalore,Sun Motors
106,5015,203,3808800,4,20240426,26,4,2024,Delhi,Zenith Cars
103,5008,208,6467100,2,20240427,27,4,2024,Kochi,Star Drive
101,5003,203,1015300,1,20240427,27,4,2024,Chennai,Prime Wheels
104,5011,201,1382100,2,20240427,27,4,2024,Hyderabad,Velocity Autos
105,5014,202,5001600,6,20240427,27,4,2024,Mumbai,Titan Automobiles
103,5008,202,801900,1,20240427,27,4,2024,Kochi,Star Drive
105,5014,201,695800,1,20240427,27,4,2024,Mumbai,Titan Automobiles
106,5015,204,2389500,2,20240428,28,4,2024,Delhi,Zenith Cars
102,5006,204,2269100,2,20240429,29,4,2024,Bangalore,Sun Motors
105,5013,205,2860800,2,20240429,29,4,2024,Mumbai,Horizon Motors
105,5014,201,1329100,2,20240429,29,4,2024,Mumbai,Titan Automobiles
103,5019,202,870600,1,20240429,29,4,2024,Kochi,Ace Motors
102,5005,204,5836800,5,20240429,29,4,2024,Bangalore,Royal Automobiles
106,5017,204,1143200,1,20240429,29,4,2024,Delhi,Skyline Autos
104,5009,202,3439100,4,20240429,29,4,2024,Hyderabad,Apex Motors
106,5017,201,2063300,3,20240430,30,4,2024,Delhi,Skyline Autos
101,5001,201,2049500,3,20240430,30,4,2024,Chennai,Sri Motors
106,5015,202,840100,1,20240501,1,5,2024,Delhi,Zenith Cars
105,5020,201,632100,1,20240501,1,5,2024,Mumbai,Lotus Automobiles
103,5007,202,870000,1,20240501,1,5,2024,Kochi,Metro Auto Hub
105,5020,204,7152000,6,20240502,2,5,2024,Mumbai,Lotus Automobiles
101,5001,206,3551600,2,20240502,2,5,2024,Chennai,Sri Motors
101,5018,206,3806000,2,20240502,2,5,2024,Chennai,Falcon Drive
104,5009,202,1720800,2,20240502,2,5,2024,Hyderabad,Apex Motors
106,5017,206,1809700,1,20240502,2,5,2024,Delhi,Skyline Autos
104,5009,202,2512200,3,20240502,2,5,2024,Hyderabad,Apex Motors
101,5001,204,1132000,1,20240502,2,5,2024,Chennai,Sri Motors
101,5002,208,6718500,2,20240503,3,5,2024,Chennai,Galaxy Auto
101,5001,202,1665700,2,20240503,3,5,2024,Chennai,Sri Motors
103,5019,202,841900,1,20240503,3,5,2024,Kochi,Ace Motors
104,5011,201,1310300,2,20240503,3,5,2024,Hyderabad,Velocity Autos
105,5014,204,1202300,1,20240504,4,5,2024,Mumbai,Titan Automobiles
105,5014,202,859500,1,20240504,4,5,2024,Mumbai,Titan Automobiles
104,5010,206,5604800,3,20240504,4,5,2024,Hyderabad,Crown Cars
103,5019,204,2427200,2,20240504,4,5,2024,Kochi,Ace Motors
105,5014,205,1427700,1,20240504,4,5,2024,Mumbai,Titan Automobiles
106,5017,202,1669300,2,20240504,4,5,2024,Delhi,Skyline Autos
102,5006,203,3764700,4,20240505,5,5,2024,Bangalore,Sun Motors
101,5018,201,3429900,5,20240505,5,5,2024,Chennai,Falcon Drive
105,5014,208,3272000,1,20240505,5,5,2024,Mumbai,Titan Automobiles
104,5009,201,1316900,2,20240506,6,5,2024,Hyderabad,Apex Motors
101,5018,203,936100,1,20240506,6,5,2024,Chennai,Falcon Drive
106,5015,203,1016100,1,20240506,6,5,2024,Delhi,Zenith Cars
101,5003,207,9651000,4,20240506,6,5,2024,Chennai,Prime Wheels
103,5007,205,1387700,1,20240506,6,5,2024,Kochi,Metro Auto Hub
101,5002,207,11401200,5,20240507,7,5,2024,Chennai,Galaxy Auto
103,5008,204,9550000,8,20240507,7,5,2024,Kochi,Star Drive
104,5011,202,819500,1,20240508,8,5,2024,Hyderabad,Velocity Autos
105,5012,203,2787800,3,20240508,8,5,2024,Mumbai,Green Wheels
103,5007,201,2028300,3,20240509,9,5,2024,Kochi,Metro Auto Hub
104,5009,204,4748800,4,20240509,9,5,2024,Hyderabad,Apex Motors
106,5015,204,2313800,2,20240509,9,5,2024,Delhi,Zenith Cars
101,5001,202,6683300,8,20240510,10,5,2024,Chennai,Sri Motors
103,5008,202,811500,1,20240510,10,5,2024,Kochi,Star Drive
101,5002,207,4618300,2,20240510,10,5,2024,Chennai,Galaxy Auto
102,5005,202,1742900,2,20240510,10,5,2024,Bangalore,Royal Automobiles
104,5010,202,1667400,2,20240511,11,5,2024,Hyderabad,Crown Cars
102,5004,201,4069300,6,20240511,11,5,2024,Bangalore,Elite Cars
104,5011,203,3051800,3,20240512,12,5,2024,Hyderabad,Velocity Autos
101,5018,202,3319000,4,20240512,12,5,2024,Chennai,Falcon Drive
105,5014,201,4163700,6,20240512,12,5,2024,Mumbai,Titan Automobiles
105,5012,202,4890100,6,20240512,12,5,2024,Mumbai,Green Wheels
105,5012,202,2417500,3,20240512,12,5,2024,Mumbai,Green Wheels
105,5013,203,989400,1,20240513,13,5,2024,Mumbai,Horizon Motors
105,5020,202,4991400,6,20240513,13,5,2024,Mumbai,Lotus Automobiles
101,5002,208,33634600,10,20240513,13,5,2024,Chennai,Galaxy Auto
103,5019,207,2328000,1,20240513,13,5,2024,Kochi,Ace Motors
106,5016,201,2076000,3,20240514,14,5,2024,Delhi,Pearl Motors
104,5010,205,2840900,2,20240515,15,5,2024,Hyderabad,Crown Cars
105,5012,201,1341800,2,20240515,15,5,2024,Mumbai,Green Wheels
102,5006,201,679300,1,20240516,16,5,2024,Bangalore,Sun Motors
105,5012,207,6892500,3,20240516,16,5,2024,Mumbai,Green Wheels
103,5019,203,2876900,3,20240516,16,5,2024,Kochi,Ace Motors
106,5015,202,867200,1,20240517,17,5,2024,Delhi,Zenith Cars
105,5020,204,4835900,4,20240517,17,5,2024,Mumbai,Lotus Automobiles
103,5007,207,18477500,8,20240518,18,5,2024,Kochi,Metro Auto Hub
106,5016,202,834200,1,20240518,18,5,2024,Delhi,Pearl Motors
104,5010,202,812300,1,20240518,18,5,2024,Hyderabad,Crown Cars
102,5004,203,4826400,5,20240519,19,5,2024,Bangalore,Elite Cars
102,5005,204,5844700,5,20240519,19,5,2024,Bangalore,Royal Automobiles
105,5013,201,5324700,8,20240519,19,5,2024,Mumbai,Horizon Motors
101,5001,202,2451200,3,20240519,19,5,2024,Chennai,Sri Motors
101,5003,208,6746100,2,20240519,19,5,2024,Chennai,Prime Wheels
101,5001,202,3278300,4,20240519,19,5,2024,Chennai,Sri Motors
105,5013,201,650100,1,20240520,20,5,2024,Mumbai,Horizon Motors
104,5009,206,3739000,2,20240520,20,5,2024,Hyderabad,Apex Motors
103,5019,205,8891900,6,20240520,20,5,2024,Kochi,Ace Motors
105,5020,203,2035100,2,20240520,20,5,2024,Mumbai,Lotus Automobiles
101,5003,201,1385500,2,20240520,20,5,2024,Chennai,Prime Wheels
103,5019,207,2407800,1,20240520,20,5,2024,Kochi,Ace Motors
106,5015,204,1161200,1,20240521,21,5,2024,Delhi,Zenith Cars
105,5014,208,9942700,3,20240521,21,5,2024,Mumbai,Titan Automobiles
103,5008,201,1312600,2,20240521,21,5,2024,Kochi,Star Drive
106,5017,207,2360500,1,20240521,21,5,2024,Delhi,Skyline Autos
102,5005,202,813000,1,20240521,21,5,2024,Bangalore,Royal Automobiles
105,5013,201,6647500,10,20240522,22,5,2024,Mumbai,Horizon Motors
102,5005,202,1591500,2,20240522,22,5,2024,Bangalore,Royal Automobiles
105,5013,201,1376600,2,20240523,23,5,2024,Mumbai,Horizon Motors
104,5010,201,638300,1,20240523,23,5,2024,Hyderabad,Crown Cars
104,5009,202,854300,1,20240523,23,5,2024,Hyderabad,Apex Motors
102,5006,202,2474500,3,20240523,23,5,2024,Bangalore,Sun Motors
104,5011,205,1485900,1,20240523,23,5,2024,Hyderabad,Velocity Autos
102,5004,205,1434600,1,20240524,24,5,2024,Bangalore,Elite Cars
105,5012,201,671400,1,20240525,25,5,2024,Mumbai,Green Wheels
105,5020,205,4445000,3,20240525,25,5,2024,Mumbai,Lotus Automobiles
105,5020,201,1325600,2,20240526,26,5,2024,Mumbai,Lotus Automobiles
103,5007,203,951000,1,20240526,26,5,2024,Kochi,Metro Auto Hub
101,5003,201,679100,1,20240526,26,5,2024,Chennai,Prime Wheels
101,5018,203,973800,1,20240526,26,5,2024,Chennai,Falcon Drive
101,5002,207,4683200,2,20240526,26,5,2024,Chennai,Galaxy Auto
105,5013,205,1405400,1,20240527,27,5,2024,Mumbai,Horizon Motors
104,5010,206,9524900,5,20240527,27,5,2024,Hyderabad,Crown Cars
101,5002,206,1856900,1,20240527,27,5,2024,Chennai,Galaxy Auto
101,5018,204,1189300,1,20240527,27,5,2024,Chennai,Falcon Drive
105,5020,201,3896500,6,20240528,28,5,2024,Mumbai,Lotus Automobiles
104,5010,204,3528700,3,20240528,28,5,2024,Hyderabad,Crown Cars
106,5015,201,2030800,3,20240528,28,5,2024,Delhi,Zenith Cars
101,5002,204,5790900,5,20240528,28,5,2024,Chennai,Galaxy Auto
103,5008,203,2898800,3,20240528,28,5,2024,Kochi,Star Drive
101,5002,207,4760900,2,20240528,28,5,2024,Chennai,Galaxy Auto
104,5010,204,3682400,3,20240529,29,5,2024,Hyderabad,Crown Cars
102,5004,201,2078900,3,20240529,29,5,2024,Bangalore,Elite Cars
106,5016,201,2739700,4,20240529,29,5,2024,Delhi,Pearl Motors
102,5004,202,1689600,2,20240529,29,5,2024,Bangalore,Elite Cars
102,5005,204,5665700,5,20240529,29,5,2024,Bangalore,Royal Automobiles
104,5009,205,11814900,8,20240529,29,5,2024,Hyderabad,Apex Motors
101,5018,201,1283500,2,20240529,29,5,2024,Chennai,Falcon Drive
105,5020,206,3630700,2,20240530,30,5,2024,Mumbai,Lotus Automobiles
101,5001,201,2778700,4,20240530,30,5,2024,Chennai,Sri Motors
104,5009,205,4185700,3,20240531,31,5,2024,Hyderabad,Apex Motors
105,5012,204,2374700,2,20240531,31,5,2024,Mumbai,Green Wheels
102,5004,204,3532600,3,20240531,31,5,2024,Bangalore,Elite Cars
101,5003,201,666100,1,20240531,31,5,2024,Chennai,Prime Wheels
106,5016,202,813100,1,20240531,31,5,2024,Delhi,Pearl Motors
101,5003,208,24826600,8,20240531,31,5,2024,Chennai,Prime Wheels
102,5005,208,6461400,2,20240601,1,6,2024,Bangalore,Royal Automobiles
103,5007,207,18084200,8,20240601,1,6,2024,Kochi,Metro Auto Hub
101,5003,206,7500700,4,20240601,1,6,2024,Chennai,Prime Wheels
101,5018,204,3542100,3,20240602,2,6,2024,Chennai,Falcon Drive
105,5013,202,1642300,2,20240602,2,6,2024,Mumbai,Horizon Motors
106,5016,201,4095800,6,20240603,3,6,2024,Delhi,Pearl Motors
101,5001,202,4043100,5,20240604,4,6,2024,Chennai,Sri Motors
101,5018,202,1593000,2,20240605,5,6,2024,Chennai,Falcon Drive
104,5010,205,4267400,3,20240605,5,6,2024,Hyderabad,Crown Cars
102,5005,201,1888100,3,20240605,5,6,2024,Bangalore,Royal Automobiles
104,5010,203,3793700,4,20240605,5,6,2024,Hyderabad,Crown Cars
105,5020,205,1373800,1,20240605,5,6,2024,Mumbai,Lotus Automobiles
101,5018,205,4410500,3,20240606,6,6,2024,Chennai,Falcon Drive
105,5012,207,12069500,5,20240606,6,6,2024,Mumbai,Green Wheels
104,5011,204,1148100,1,20240606,6,6,2024,Hyderabad,Velocity Autos
105,5012,203,3827200,4,20240607,7,6,2024,Mumbai,Green Wheels
105,5014,204,1224000,1,20240607,7,6,2024,Mumbai,Titan Automobiles
104,5011,204,1125400,1,20240607,7,6,2024,Hyderabad,Velocity Autos
102,5005,207,4627000,2,20240607,7,6,2024,Bangalore,Royal Automobiles
101,5018,202,1591500,2,20240607,7,6,2024,Chennai,Falcon Drive
106,5016,202,5225200,6,20240608,8,6,2024,Delhi,Pearl Motors
102,5005,204,4472600,4,20240608,8,6,2024,Bangalore,Royal Automobiles
103,5008,206,3852500,2,20240608,8,6,2024,Kochi,Star Drive
105,5020,201,2596500,4,20240608,8,6,2024,Mumbai,Lotus Automobiles
106,5017,202,809200,1,20240609,9,6,2024,Delhi,Skyline Autos
106,5015,202,3491000,4,20240609,9,6,2024,Delhi,Zenith Cars
102,5004,203,961800,1,20240609,9,6,2024,Bangalore,Elite Cars
104,5009,204,4919000,4,20240609,9,6,2024,Hyderabad,Apex Motors
106,5017,206,9227400,5,20240609,9,6,2024,Delhi,Skyline Autos
101,5003,203,1853300,2,20240610,10,6,2024,Chennai,Prime Wheels
106,5017,202,2424800,3,20240610,10,6,2024,Delhi,Skyline Autos
103,5007,203,2861300,3,20240611,11,6,2024,Kochi,Metro Auto Hub
104,5011,206,7234700,4,20240611,11,6,2024,Hyderabad,Velocity Autos
104,5010,208,6703300,2,20240611,11,6,2024,Hyderabad,Crown Cars
101,5001,202,5167300,6,20240611,11,6,2024,Chennai,Sri Motors
103,5008,201,2075900,3,20240612,12,6,2024,Kochi,Star Drive
104,5011,206,1860300,1,20240612,12,6,2024,Hyderabad,Velocity Autos
102,5004,206,1892700,1,20240613,13,6,2024,Bangalore,Elite Cars
106,5016,207,9679700,4,20240613,13,6,2024,Delhi,Pearl Motors
105,5012,203,947500,1,20240613,13,6,2024,Mumbai,Green Wheels
103,5019,203,1995600,2,20240613,13,6,2024,Kochi,Ace Motors
104,5011,202,5243000,6,20240613,13,6,2024,Hyderabad,Velocity Autos
104,5010,203,1974400,2,20240613,13,6,2024,Hyderabad,Crown Cars
103,5007,204,2411000,2,20240613,13,6,2024,Kochi,Metro Auto Hub
102,5004,205,2860600,2,20240615,15,6,2024,Bangalore,Elite Cars
106,5016,207,2459300,1,20240615,15,6,2024,Delhi,Pearl Motors
102,5006,202,801300,1,20240615,15,6,2024,Bangalore,Sun Motors
101,5003,206,9381800,5,20240616,16,6,2024,Chennai,Prime Wheels
101,5018,201,1338300,2,20240616,16,6,2024,Chennai,Falcon Drive
105,5012,206,1795900,1,20240616,16,6,2024,Mumbai,Green Wheels
103,5008,202,5263900,6,20240617,17,6,2024,Kochi,Star Drive
101,5003,204,1181800,1,20240617,17,6,2024,Chennai,Prime Wheels
101,5018,205,2774200,2,20240617,17,6,2024,Chennai,Falcon Drive
101,5001,203,5934600,6,20240617,17,6,2024,Chennai,Sri Motors
105,5020,205,5969500,4,20240618,18,6,2024,Mumbai,Lotus Automobiles
101,5003,202,3424600,4,20240618,18,6,2024,Chennai,Prime Wheels
105,5013,202,1696800,2,20240618,18,6,2024,Mumbai,Horizon Motors
103,5007,201,1388400,2,20240619,19,6,2024,Kochi,Metro Auto Hub
104,5010,208,3263900,1,20240619,19,6,2024,Hyderabad,Crown Cars
103,5008,202,2515600,3,20240620,20,6,2024,Kochi,Star Drive
104,5010,202,2519300,3,20240620,20,6,2024,Hyderabad,Crown Cars
101,5002,202,2625800,3,20240620,20,6,2024,Chennai,Galaxy Auto
101,5002,202,4828500,6,20240620,20,6,2024,Chennai,Galaxy Auto
101,5001,203,993600,1,20240620,20,6,2024,Chennai,Sri Motors
101,5002,206,1868000,1,20240622,22,6,2024,Chennai,Galaxy Auto
105,5013,201,2051800,3,20240622,22,6,2024,Mumbai,Horizon Motors
101,5001,207,2251200,1,20240622,22,6,2024,Chennai,Sri Motors
101,5018,203,5632700,6,20240623,23,6,2024,Chennai,Falcon Drive
103,5019,206,3841200,2,20240623,23,6,2024,Kochi,Ace Motors
105,5013,201,664000,1,20240623,23,6,2024,Mumbai,Horizon Motors
105,5012,205,1394000,1,20240623,23,6,2024,Mumbai,Green Wheels
104,5010,206,1870300,1,20240624,24,6,2024,Hyderabad,Crown Cars
106,5016,202,8736400,10,20240625,25,6,2024,Delhi,Pearl Motors
101,5003,203,4815000,5,20240626,26,6,2024,Chennai,Prime Wheels
104,5010,202,2405800,3,20240626,26,6,2024,Hyderabad,Crown Cars
103,5019,206,3790000,2,20240626,26,6,2024,Kochi,Ace Motors
105,5013,201,3165500,5,20240626,26,6,2024,Mumbai,Horizon Motors
101,5001,202,4977800,6,20240626,26,6,2024,Chennai,Sri Motors
103,5019,202,4005200,5,20240627,27,6,2024,Kochi,Ace Motors
105,5012,202,4275300,5,20240627,27,6,2024,Mumbai,Green Wheels
103,5007,201,2025100,3,20240627,27,6,2024,Kochi,Metro Auto Hub
101,5003,203,5735500,6,20240628,28,6,2024,Chennai,Prime Wheels
105,5012,202,817500,1,20240628,28,6,2024,Mumbai,Green Wheels
104,5009,201,1982700,3,20240628,28,6,2024,Hyderabad,Apex Motors
103,5007,201,638100,1,20240628,28,6,2024,Kochi,Metro Auto Hub
105,5012,202,2447000,3,20240630,30,6,2024,Mumbai,Green Wheels
102,5005,206,1829600,1,20240630,30,6,2024,Bangalore,Royal Automobiles
105,5014,202,806100,1,20240630,30,6,2024,Mumbai,Titan Automobiles
101,5002,201,3899700,6,20240630,30,6,2024,Chennai,Galaxy Auto
105,5012,202,1588300,2,20240630,30,6,2024,Mumbai,Green Wheels
104,5009,204,1161900,1,20240701,1,7,2024,Hyderabad,Apex Motors
101,5001,202,876800,1,20240701,1,7,2024,Chennai,Sri Motors
106,5016,206,3619700,2,20240701,1,7,2024,Delhi,Pearl Motors
106,5016,203,2979100,3,20240701,1,7,2024,Delhi,Pearl Motors
101,5002,201,1294600,2,20240701,1,7,2024,Chennai,Galaxy Auto
105,5014,201,1340000,2,20240702,2,7,2024,Mumbai,Titan Automobiles
106,5015,202,1734600,2,20240702,2,7,2024,Delhi,Zenith Cars
105,5012,205,7291100,5,20240702,2,7,2024,Mumbai,Green Wheels
105,5012,202,1745400,2,20240703,3,7,2024,Mumbai,Green Wheels
105,5012,201,3985500,6,20240704,4,7,2024,Mumbai,Green Wheels
103,5019,206,17940700,10,20240704,4,7,2024,Kochi,Ace Motors
102,5005,201,1946200,3,20240704,4,7,2024,Bangalore,Royal Automobiles
102,5006,207,14457400,6,20240704,4,7,2024,Bangalore,Sun Motors
103,5008,206,11044300,6,20240705,5,7,2024,Kochi,Star Drive
105,5020,203,5061300,5,20240705,5,7,2024,Mumbai,Lotus Automobiles
103,5007,205,6854300,5,20240705,5,7,2024,Kochi,Metro Auto Hub
105,5020,205,11299500,8,20240705,5,7,2024,Mumbai,Lotus Automobiles
105,5013,203,1996600,2,20240705,5,7,2024,Mumbai,Horizon Motors
105,5014,203,4807400,5,20240706,6,7,2024,Mumbai,Titan Automobiles
101,5002,208,3361800,1,20240706,6,7,2024,Chennai,Galaxy Auto
104,5009,202,1646200,2,20240706,6,7,2024,Hyderabad,Apex Motors
101,5003,202,864200,1,20240706,6,7,2024,Chennai,Prime Wheels
102,5006,206,1883800,1,20240707,7,7,2024,Bangalore,Sun Motors
101,5018,206,10783600,6,20240707,7,7,2024,Chennai,Falcon Drive
101,5018,205,1448100,1,20240707,7,7,2024,Chennai,Falcon Drive
102,5006,201,3350200,5,20240707,7,7,2024,Bangalore,Sun Motors
106,5015,201,650300,1,20240708,8,7,2024,Delhi,Zenith Cars
101,5003,202,845600,1,20240708,8,7,2024,Chennai,Prime Wheels
106,5017,208,32904300,10,20240708,8,7,2024,Delhi,Skyline Autos
101,5003,201,1376400,2,20240708,8,7,2024,Chennai,Prime Wheels
106,5016,205,6877500,5,20240709,9,7,2024,Delhi,Pearl Motors
104,5011,203,1879900,2,20240710,10,7,2024,Hyderabad,Velocity Autos
102,5005,202,3221800,4,20240710,10,7,2024,Bangalore,Royal Automobiles
101,5003,207,2368000,1,20240711,11,7,2024,Chennai,Prime Wheels
101,5003,201,3292600,5,20240711,11,7,2024,Chennai,Prime Wheels
105,5014,201,1962100,3,20240711,11,7,2024,Mumbai,Titan Automobiles
102,5006,205,1473200,1,20240711,11,7,2024,Bangalore,Sun Motors
101,5001,206,1893600,1,20240712,12,7,2024,Chennai,Sri Motors
103,5007,207,4463100,2,20240712,12,7,2024,Kochi,Metro Auto Hub
102,5005,201,1265700,2,20240712,12,7,2024,Bangalore,Royal Automobiles
106,5016,201,2051600,3,20240712,12,7,2024,Delhi,Pearl Motors
105,5014,204,1163000,1,20240712,12,7,2024,Mumbai,Titan Automobiles
105,5013,204,2361600,2,20240713,13,7,2024,Mumbai,Horizon Motors
103,5019,208,3159500,1,20240713,13,7,2024,Kochi,Ace Motors
102,5004,204,3347400,3,20240714,14,7,2024,Bangalore,Elite Cars
101,5002,203,981500,1,20240714,14,7,2024,Chennai,Galaxy Auto
105,5014,207,6713000,3,20240714,14,7,2024,Mumbai,Titan Automobiles
104,5010,202,808200,1,20240714,14,7,2024,Hyderabad,Crown Cars
105,5012,202,5138500,6,20240715,15,7,2024,Mumbai,Green Wheels
105,5013,204,1200200,1,20240715,15,7,2024,Mumbai,Horizon Motors
105,5012,201,4138200,6,20240715,15,7,2024,Mumbai,Green Wheels
101,5002,201,2757400,4,20240716,16,7,2024,Chennai,Galaxy Auto
102,5006,201,653600,1,20240716,16,7,2024,Bangalore,Sun Motors
101,5002,202,2459000,3,20240716,16,7,2024,Chennai,Galaxy Auto
105,5020,201,661600,1,20240716,16,7,2024,Mumbai,Lotus Automobiles
105,5012,205,1454200,1,20240717,17,7,2024,Mumbai,Green Wheels
104,5010,202,2570600,3,20240717,17,7,2024,Hyderabad,Crown Cars
101,5018,201,2026500,3,20240717,17,7,2024,Chennai,Falcon Drive
106,5015,202,837400,1,20240717,17,7,2024,Delhi,Zenith Cars
102,5004,206,3699900,2,20240718,18,7,2024,Bangalore,Elite Cars
103,5008,207,4625900,2,20240718,18,7,2024,Kochi,Star Drive
106,5017,201,2710500,4,20240719,19,7,2024,Delhi,Skyline Autos
101,5002,201,631700,1,20240719,19,7,2024,Chennai,Galaxy Auto
105,5012,203,1006400,1,20240719,19,7,2024,Mumbai,Green Wheels
106,5015,206,7035700,4,20240719,19,7,2024,Delhi,Zenith Cars
105,5013,207,11491000,5,20240720,20,7,2024,Mumbai,Horizon Motors
104,5011,205,5882200,4,20240720,20,7,2024,Hyderabad,Velocity Autos
102,5006,204,2292200,2,20240721,21,7,2024,Bangalore,Sun Motors
101,5001,203,2946200,3,20240722,22,7,2024,Chennai,Sri Motors
106,5015,205,5480000,4,20240722,22,7,2024,Delhi,Zenith Cars
106,5015,207,2435300,1,20240722,22,7,2024,Delhi,Zenith Cars
103,5007,204,2454400,2,20240722,22,7,2024,Kochi,Metro Auto Hub
105,5020,204,11363400,10,20240723,23,7,2024,Mumbai,Lotus Automobiles
106,5016,204,1175900,1,20240723,23,7,2024,Delhi,Pearl Motors
101,5003,201,3208100,5,20240723,23,7,2024,Chennai,Prime Wheels
101,5018,206,3557500,2,20240724,24,7,2024,Chennai,Falcon Drive
105,5020,202,1650900,2,20240724,24,7,2024,Mumbai,Lotus Automobiles
104,5011,202,1704300,2,20240724,24,7,2024,Hyderabad,Velocity Autos
105,5012,208,3133400,1,20240724,24,7,2024,Mumbai,Green Wheels
104,5009,206,3688100,2,20240725,25,7,2024,Hyderabad,Apex Motors
106,5016,204,1199900,1,20240725,25,7,2024,Delhi,Pearl Motors
103,5019,201,688100,1,20240725,25,7,2024,Kochi,Ace Motors
103,5019,204,2284000,2,20240726,26,7,2024,Kochi,Ace Motors
103,5019,201,2083700,3,20240726,26,7,2024,Kochi,Ace Motors
101,5018,206,1835300,1,20240726,26,7,2024,Chennai,Falcon Drive
102,5004,204,5568000,5,20240726,26,7,2024,Bangalore,Elite Cars
105,5013,202,3444100,4,20240727,27,7,2024,Mumbai,Horizon Motors
106,5016,201,642700,1,20240727,27,7,2024,Delhi,Pearl Motors
104,5010,206,3836600,2,20240727,27,7,2024,Hyderabad,Crown Cars
101,5003,203,3706500,4,20240728,28,7,2024,Chennai,Prime Wheels
104,5010,202,2474500,3,20240729,29,7,2024,Hyderabad,Crown Cars
105,5014,201,2060600,3,20240731,31,7,2024,Mumbai,Titan Automobiles
102,5006,203,3722400,4,20240731,31,7,2024,Bangalore,Sun Motors
101,5002,203,1920500,2,20240731,31,7,2024,Chennai,Galaxy Auto
103,5007,202,3477400,4,20240801,1,8,2024,Kochi,Metro Auto Hub
106,5016,201,663200,1,20240801,1,8,2024,Delhi,Pearl Motors
106,5017,201,630000,1,20240801,1,8,2024,Delhi,Skyline Autos
103,5007,201,1994300,3,20240801,1,8,2024,Kochi,Metro Auto Hub
101,5001,204,7222200,6,20240803,3,8,2024,Chennai,Sri Motors
103,5007,201,1951800,3,20240803,3,8,2024,Kochi,Metro Auto Hub
104,5011,201,1368200,2,20240804,4,8,2024,Hyderabad,Velocity Autos
105,5013,203,996900,1,20240804,4,8,2024,Mumbai,Horizon Motors
104,5011,202,1676100,2,20240804,4,8,2024,Hyderabad,Velocity Autos
106,5015,205,1384700,1,20240804,4,8,2024,Delhi,Zenith Cars
102,5006,201,685500,1,20240805,5,8,2024,Bangalore,Sun Motors
101,5003,208,6668200,2,20240805,5,8,2024,Chennai,Prime Wheels
104,5009,205,1400400,1,20240806,6,8,2024,Hyderabad,Apex Motors
102,5004,201,1294800,2,20240806,6,8,2024,Bangalore,Elite Cars
103,5008,201,3205900,5,20240806,6,8,2024,Kochi,Star Drive
104,5009,202,1736000,2,20240806,6,8,2024,Hyderabad,Apex Motors
105,5012,201,643000,1,20240807,7,8,2024,Mumbai,Green Wheels
102,5006,201,674000,1,20240807,7,8,2024,Bangalore,Sun Motors
101,5003,204,2302400,2,20240807,7,8,2024,Chennai,Prime Wheels
105,5013,203,1001900,1,20240807,7,8,2024,Mumbai,Horizon Motors
105,5014,202,2493000,3,20240808,8,8,2024,Mumbai,Titan Automobiles
101,5001,204,1127500,1,20240808,8,8,2024,Chennai,Sri Motors
105,5014,203,2796400,3,20240808,8,8,2024,Mumbai,Titan Automobiles
106,5015,202,4097400,5,20240809,9,8,2024,Delhi,Zenith Cars
103,5007,201,636700,1,20240809,9,8,2024,Kochi,Metro Auto Hub
105,5013,202,802600,1,20240809,9,8,2024,Mumbai,Horizon Motors
105,5020,201,5503200,8,20240809,9,8,2024,Mumbai,Lotus Automobiles
102,5006,204,4843700,4,20240810,10,8,2024,Bangalore,Sun Motors
105,5020,208,9297500,3,20240810,10,8,2024,Mumbai,Lotus Automobiles
102,5005,204,4454600,4,20240810,10,8,2024,Bangalore,Royal Automobiles
101,5001,204,1187800,1,20240810,10,8,2024,Chennai,Sri Motors
102,5004,202,873300,1,20240810,10,8,2024,Bangalore,Elite Cars
102,5004,203,927700,1,20240811,11,8,2024,Bangalore,Elite Cars
105,5020,204,4744500,4,20240812,12,8,2024,Mumbai,Lotus Automobiles
102,5006,206,1918300,1,20240812,12,8,2024,Bangalore,Sun Motors
102,5004,207,2274400,1,20240812,12,8,2024,Bangalore,Elite Cars
101,5018,205,4348600,3,20240812,12,8,2024,Chennai,Falcon Drive
104,5011,207,9590100,4,20240813,13,8,2024,Hyderabad,Velocity Autos
103,5008,203,3741100,4,20240813,13,8,2024,Kochi,Star Drive
103,5007,204,1190300,1,20240813,13,8,2024,Kochi,Metro Auto Hub
101,5002,202,1657600,2,20240813,13,8,2024,Chennai,Galaxy Auto
102,5006,201,1355700,2,20240813,13,8,2024,Bangalore,Sun Motors
104,5009,206,14954800,8,20240813,13,8,2024,Hyderabad,Apex Motors
101,5002,205,2897500,2,20240814,14,8,2024,Chennai,Galaxy Auto
105,5013,205,4235500,3,20240814,14,8,2024,Mumbai,Horizon Motors
105,5014,203,1007100,1,20240814,14,8,2024,Mumbai,Titan Automobiles
104,5009,207,2321300,1,20240814,14,8,2024,Hyderabad,Apex Motors
101,5003,206,7140100,4,20240814,14,8,2024,Chennai,Prime Wheels
105,5013,203,2787400,3,20240815,15,8,2024,Mumbai,Horizon Motors
105,5014,207,24044500,10,20240815,15,8,2024,Mumbai,Titan Automobiles
105,5013,202,1742500,2,20240815,15,8,2024,Mumbai,Horizon Motors
102,5006,202,6519500,8,20240815,15,8,2024,Bangalore,Sun Motors
103,5008,202,1736800,2,20240815,15,8,2024,Kochi,Star Drive
106,5016,204,2374300,2,20240816,16,8,2024,Delhi,Pearl Motors
104,5010,208,3106700,1,20240816,16,8,2024,Hyderabad,Crown Cars
106,5017,201,646300,1,20240816,16,8,2024,Delhi,Skyline Autos
102,5004,206,7547600,4,20240816,16,8,2024,Bangalore,Elite Cars
106,5015,207,2233300,1,20240816,16,8,2024,Delhi,Zenith Cars
101,5018,202,1729900,2,20240818,18,8,2024,Chennai,Falcon Drive
104,5011,201,652200,1,20240818,18,8,2024,Hyderabad,Velocity Autos
105,5012,203,2010700,2,20240818,18,8,2024,Mumbai,Green Wheels
106,5017,204,2417700,2,20240818,18,8,2024,Delhi,Skyline Autos
104,5010,205,2765300,2,20240819,19,8,2024,Hyderabad,Crown Cars
105,5014,205,1488100,1,20240819,19,8,2024,Mumbai,Titan Automobiles
106,5016,204,2268900,2,20240819,19,8,2024,Delhi,Pearl Motors
106,5016,201,640400,1,20240820,20,8,2024,Delhi,Pearl Motors
103,5019,202,2618300,3,20240820,20,8,2024,Kochi,Ace Motors
105,5014,203,1012400,1,20240821,21,8,2024,Mumbai,Titan Automobiles
105,5014,204,1113600,1,20240821,21,8,2024,Mumbai,Titan Automobiles
105,5014,201,1329700,2,20240821,21,8,2024,Mumbai,Titan Automobiles
104,5011,204,1161700,1,20240821,21,8,2024,Hyderabad,Velocity Autos
101,5003,206,5725000,3,20240822,22,8,2024,Chennai,Prime Wheels
105,5020,201,683600,1,20240822,22,8,2024,Mumbai,Lotus Automobiles
101,5018,203,2934100,3,20240822,22,8,2024,Chennai,Falcon Drive
102,5005,204,3419800,3,20240823,23,8,2024,Bangalore,Royal Automobiles
105,5013,208,9323100,3,20240823,23,8,2024,Mumbai,Horizon Motors
105,5020,202,5117400,6,20240823,23,8,2024,Mumbai,Lotus Automobiles
104,5009,202,2395800,3,20240823,23,8,2024,Hyderabad,Apex Motors
101,5001,202,4142400,5,20240823,23,8,2024,Chennai,Sri Motors
106,5015,204,2268100,2,20240823,23,8,2024,Delhi,Zenith Cars
106,5017,202,876700,1,20240824,24,8,2024,Delhi,Skyline Autos
104,5009,204,1149200,1,20240824,24,8,2024,Hyderabad,Apex Motors
103,5008,205,1470300,1,20240824,24,8,2024,Kochi,Star Drive
103,5008,202,2389900,3,20240824,24,8,2024,Kochi,Star Drive
102,5006,201,3418100,5,20240824,24,8,2024,Bangalore,Sun Motors
101,5001,201,633300,1,20240825,25,8,2024,Chennai,Sri Motors
105,5014,205,1489700,1,20240825,25,8,2024,Mumbai,Titan Automobiles
103,5007,201,687400,1,20240825,25,8,2024,Kochi,Metro Auto Hub
103,5019,206,3568200,2,20240825,25,8,2024,Kochi,Ace Motors
104,5010,201,1390500,2,20240826,26,8,2024,Hyderabad,Crown Cars
105,5013,204,6979900,6,20240826,26,8,2024,Mumbai,Horizon Motors
106,5016,203,976200,1,20240826,26,8,2024,Delhi,Pearl Motors
105,5013,201,5050700,8,20240826,26,8,2024,Mumbai,Horizon Motors
101,5001,203,971900,1,20240827,27,8,2024,Chennai,Sri Motors
104,5009,201,2768700,4,20240827,27,8,2024,Hyderabad,Apex Motors
104,5010,201,641000,1,20240827,27,8,2024,Hyderabad,Crown Cars
106,5015,203,955400,1,20240828,28,8,2024,Delhi,Zenith Cars
105,5013,201,6412500,10,20240828,28,8,2024,Mumbai,Horizon Motors
101,5002,206,1916300,1,20240828,28,8,2024,Chennai,Galaxy Auto
104,5010,202,2409200,3,20240829,29,8,2024,Hyderabad,Crown Cars
101,5002,203,2783800,3,20240830,30,8,2024,Chennai,Galaxy Auto
103,5007,201,1341100,2,20240830,30,8,2024,Kochi,Metro Auto Hub
102,5006,204,3654900,3,20240831,31,8,2024,Bangalore,Sun Motors
102,5005,201,2039400,3,20240831,31,8,2024,Bangalore,Royal Automobiles
106,5017,202,3177700,4,20240831,31,8,2024,Delhi,Skyline Autos
102,5006,206,5631200,3,20240831,31,8,2024,Bangalore,Sun Motors
104,5009,205,1387300,1,20240901,1,9,2024,Hyderabad,Apex Motors
104,5010,207,4615600,2,20240901,1,9,2024,Hyderabad,Crown Cars
106,5017,201,646400,1,20240901,1,9,2024,Delhi,Skyline Autos
106,5015,202,868100,1,20240902,2,9,2024,Delhi,Zenith Cars
106,5017,204,4885000,4,20240902,2,9,2024,Delhi,Skyline Autos
106,5015,202,2481400,3,20240902,2,9,2024,Delhi,Zenith Cars
104,5010,205,1418100,1,20240903,3,9,2024,Hyderabad,Crown Cars
104,5011,207,8954100,4,20240904,4,9,2024,Hyderabad,Velocity Autos
101,5002,201,2741300,4,20240904,4,9,2024,Chennai,Galaxy Auto
104,5011,201,1295900,2,20240904,4,9,2024,Hyderabad,Velocity Autos
105,5013,208,3111100,1,20240904,4,9,2024,Mumbai,Horizon Motors
101,5002,204,3568100,3,20240904,4,9,2024,Chennai,Galaxy Auto
103,5019,203,945700,1,20240905,5,9,2024,Kochi,Ace Motors
104,5011,202,836600,1,20240905,5,9,2024,Hyderabad,Velocity Autos
102,5004,201,3469000,5,20240905,5,9,2024,Bangalore,Elite Cars
103,5019,205,2836200,2,20240905,5,9,2024,Kochi,Ace Motors
102,5006,202,2592300,3,20240905,5,9,2024,Bangalore,Sun Motors
105,5020,203,943900,1,20240906,6,9,2024,Mumbai,Lotus Automobiles
106,5015,204,7030200,6,20240906,6,9,2024,Delhi,Zenith Cars
103,5007,202,6695200,8,20240906,6,9,2024,Kochi,Metro Auto Hub
105,5014,204,1120400,1,20240906,6,9,2024,Mumbai,Titan Automobiles
101,5001,201,1322200,2,20240907,7,9,2024,Chennai,Sri Motors
106,5017,203,1902400,2,20240907,7,9,2024,Delhi,Skyline Autos
102,5004,204,3640500,3,20240908,8,9,2024,Bangalore,Elite Cars
101,5002,203,5890000,6,20240908,8,9,2024,Chennai,Galaxy Auto
104,5011,205,2828300,2,20240909,9,9,2024,Hyderabad,Velocity Autos
106,5015,201,5249000,8,20240909,9,9,2024,Delhi,Zenith Cars
104,5009,204,1172900,1,20240909,9,9,2024,Hyderabad,Apex Motors
104,5011,202,1730000,2,20240909,9,9,2024,Hyderabad,Velocity Autos
106,5015,206,1848700,1,20240909,9,9,2024,Delhi,Zenith Cars
105,5013,207,6998600,3,20240910,10,9,2024,Mumbai,Horizon Motors
102,5004,205,5780300,4,20240910,10,9,2024,Bangalore,Elite Cars
102,5004,202,838200,1,20240910,10,9,2024,Bangalore,Elite Cars
105,5013,205,1403800,1,20240910,10,9,2024,Mumbai,Horizon Motors
102,5004,201,692800,1,20240910,10,9,2024,Bangalore,Elite Cars
101,5002,201,666800,1,20240911,11,9,2024,Chennai,Galaxy Auto
102,5004,202,871100,1,20240911,11,9,2024,Bangalore,Elite Cars
106,5015,205,2712500,2,20240911,11,9,2024,Delhi,Zenith Cars
105,5014,207,7009600,3,20240911,11,9,2024,Mumbai,Titan Automobiles
106,5017,202,806500,1,20240911,11,9,2024,Delhi,Skyline Autos
105,5014,202,811700,1,20240912,12,9,2024,Mumbai,Titan Automobiles
101,5002,201,647900,1,20240912,12,9,2024,Chennai,Galaxy Auto
102,5005,201,3832600,6,20240912,12,9,2024,Bangalore,Royal Automobiles
101,5001,207,2369500,1,20240912,12,9,2024,Chennai,Sri Motors
105,5014,204,1175000,1,20240912,12,9,2024,Mumbai,Titan Automobiles
105,5014,203,1002600,1,20240912,12,9,2024,Mumbai,Titan Automobiles
102,5005,201,659600,1,20240912,12,9,2024,Bangalore,Royal Automobiles
105,5012,208,3184900,1,20240912,12,9,2024,Mumbai,Green Wheels
106,5016,201,4136400,6,20240913,13,9,2024,Delhi,Pearl Motors
105,5020,203,2987200,3,20240913,13,9,2024,Mumbai,Lotus Automobiles
102,5005,203,5668800,6,20240913,13,9,2024,Bangalore,Royal Automobiles
101,5001,203,1935700,2,20240914,14,9,2024,Chennai,Sri Motors
104,5011,202,1645200,2,20240914,14,9,2024,Hyderabad,Velocity Autos
101,5002,207,4555300,2,20240914,14,9,2024,Chennai,Galaxy Auto
105,5014,204,6014700,5,20240914,14,9,2024,Mumbai,Titan Automobiles
103,5008,203,1010000,1,20240915,15,9,2024,Kochi,Star Drive
106,5017,201,1372600,2,20240916,16,9,2024,Delhi,Skyline Autos
103,5008,202,4344600,5,20240916,16,9,2024,Kochi,Star Drive
103,5007,203,4839800,5,20240916,16,9,2024,Kochi,Metro Auto Hub
105,5012,201,1960200,3,20240916,16,9,2024,Mumbai,Green Wheels
106,5017,202,2388900,3,20240917,17,9,2024,Delhi,Skyline Autos
102,5004,205,2768000,2,20240917,17,9,2024,Bangalore,Elite Cars
102,5005,203,952900,1,20240918,18,9,2024,Bangalore,Royal Automobiles
102,5004,208,6679500,2,20240918,18,9,2024,Bangalore,Elite Cars
105,5013,203,4059300,4,20240918,18,9,2024,Mumbai,Horizon Motors
105,5012,202,1744500,2,20240919,19,9,2024,Mumbai,Green Wheels
101,5002,206,1869000,1,20240919,19,9,2024,Chennai,Galaxy Auto
106,5016,201,1949700,3,20240920,20,9,2024,Delhi,Pearl Motors
105,5020,205,2978900,2,20240920,20,9,2024,Mumbai,Lotus Automobiles
102,5005,202,3350300,4,20240920,20,9,2024,Bangalore,Royal Automobiles
104,5010,204,1160200,1,20240920,20,9,2024,Hyderabad,Crown Cars
101,5018,202,853100,1,20240921,21,9,2024,Chennai,Falcon Drive
105,5020,207,22939900,10,20240921,21,9,2024,Mumbai,Lotus Automobiles
104,5011,202,846500,1,20240921,21,9,2024,Hyderabad,Velocity Autos
106,5017,202,7004000,8,20240921,21,9,2024,Delhi,Skyline Autos
104,5010,203,1875700,2,20240922,22,9,2024,Hyderabad,Crown Cars
106,5016,205,2779300,2,20240922,22,9,2024,Delhi,Pearl Motors
106,5016,208,6609000,2,20240922,22,9,2024,Delhi,Pearl Motors
101,5003,204,2406500,2,20240922,22,9,2024,Chennai,Prime Wheels
102,5004,203,9672800,10,20240922,22,9,2024,Bangalore,Elite Cars
105,5012,204,1195700,1,20240923,23,9,2024,Mumbai,Green Wheels
103,5008,203,1978600,2,20240923,23,9,2024,Kochi,Star Drive
106,5016,205,2968500,2,20240923,23,9,2024,Delhi,Pearl Motors
104,5011,203,3941300,4,20240923,23,9,2024,Hyderabad,Velocity Autos
103,5019,201,1274800,2,20240923,23,9,2024,Kochi,Ace Motors
101,5002,204,2303400,2,20240923,23,9,2024,Chennai,Galaxy Auto
102,5005,201,3284800,5,20240923,23,9,2024,Bangalore,Royal Automobiles
104,5009,207,11784400,5,20240924,24,9,2024,Hyderabad,Apex Motors
103,5019,203,2782500,3,20240924,24,9,2024,Kochi,Ace Motors
103,5008,204,1134600,1,20240924,24,9,2024,Kochi,Star Drive
101,5001,201,5233700,8,20240925,25,9,2024,Chennai,Sri Motors
102,5006,202,1677500,2,20240925,25,9,2024,Bangalore,Sun Motors
102,5004,204,1165700,1,20240925,25,9,2024,Bangalore,Elite Cars
105,5012,202,808600,1,20240926,26,9,2024,Mumbai,Green Wheels
103,5019,205,1441900,1,20240926,26,9,2024,Kochi,Ace Motors
106,5015,207,4879500,2,20240926,26,9,2024,Delhi,Zenith Cars
104,5009,202,867500,1,20240926,26,9,2024,Hyderabad,Apex Motors
102,5005,202,4317100,5,20240927,27,9,2024,Bangalore,Royal Automobiles
102,5006,201,1955500,3,20240927,27,9,2024,Bangalore,Sun Motors
101,5018,201,2769700,4,20240928,28,9,2024,Chennai,Falcon Drive
104,5010,203,2943200,3,20240928,28,9,2024,Hyderabad,Crown Cars
104,5011,202,3497500,4,20240929,29,9,2024,Hyderabad,Velocity Autos
104,5009,202,813800,1,20240929,29,9,2024,Hyderabad,Apex Motors
105,5013,202,1588500,2,20240929,29,9,2024,Mumbai,Horizon Motors
105,5013,202,834400,1,20240929,29,9,2024,Mumbai,Horizon Motors
102,5004,204,2318600,2,20240929,29,9,2024,Bangalore,Elite Cars
101,5002,202,6992800,8,20240930,30,9,2024,Chennai,Galaxy Auto
101,5001,201,3386300,5,20240930,30,9,2024,Chennai,Sri Motors
105,5020,201,3364400,5,20241001,1,10,2024,Mumbai,Lotus Automobiles
104,5010,204,4467000,4,20241001,1,10,2024,Hyderabad,Crown Cars
105,5012,203,959500,1,20241001,1,10,2024,Mumbai,Green Wheels
101,5018,207,14760700,6,20241002,2,10,2024,Chennai,Falcon Drive
105,5012,203,1000800,1,20241002,2,10,2024,Mumbai,Green Wheels
103,5007,204,2359800,2,20241002,2,10,2024,Kochi,Metro Auto Hub
106,5015,203,10051400,10,20241003,3,10,2024,Delhi,Zenith Cars
102,5006,202,2465500,3,20241003,3,10,2024,Bangalore,Sun Motors
103,5019,201,666800,1,20241004,4,10,2024,Kochi,Ace Motors
105,5020,204,7305700,6,20241004,4,10,2024,Mumbai,Lotus Automobiles
103,5008,201,2713700,4,20241004,4,10,2024,Kochi,Star Drive
104,5009,203,1886300,2,20241004,4,10,2024,Hyderabad,Apex Motors
102,5004,206,3792900,2,20241005,5,10,2024,Bangalore,Elite Cars
101,5001,202,1651100,2,20241005,5,10,2024,Chennai,Sri Motors
105,5020,204,2281200,2,20241005,5,10,2024,Mumbai,Lotus Automobiles
106,5017,207,18153200,8,20241005,5,10,2024,Delhi,Skyline Autos
104,5011,201,2068000,3,20241006,6,10,2024,Hyderabad,Velocity Autos
105,5013,207,7325400,3,20241006,6,10,2024,Mumbai,Horizon Motors
106,5015,202,841500,1,20241006,6,10,2024,Delhi,Zenith Cars
105,5014,203,2875000,3,20241006,6,10,2024,Mumbai,Titan Automobiles
106,5015,202,810400,1,20241007,7,10,2024,Delhi,Zenith Cars
104,5009,201,2632300,4,20241007,7,10,2024,Hyderabad,Apex Motors
101,5003,202,3438100,4,20241007,7,10,2024,Chennai,Prime Wheels
101,5001,203,4851100,5,20241008,8,10,2024,Chennai,Sri Motors
104,5011,202,1715200,2,20241008,8,10,2024,Hyderabad,Velocity Autos
105,5013,208,6415100,2,20241008,8,10,2024,Mumbai,Horizon Motors
104,5011,208,3309800,1,20241008,8,10,2024,Hyderabad,Velocity Autos
103,5007,208,3251400,1,20241009,9,10,2024,Kochi,Metro Auto Hub
105,5020,202,851700,1,20241009,9,10,2024,Mumbai,Lotus Automobiles
104,5011,206,1880100,1,20241009,9,10,2024,Hyderabad,Velocity Autos
104,5011,203,967200,1,20241009,9,10,2024,Hyderabad,Velocity Autos
102,5004,201,2067300,3,20241009,9,10,2024,Bangalore,Elite Cars
102,5004,203,5831600,6,20241009,9,10,2024,Bangalore,Elite Cars
103,5008,204,1186600,1,20241010,10,10,2024,Kochi,Star Drive
104,5011,202,802000,1,20241010,10,10,2024,Hyderabad,Velocity Autos
101,5001,201,3361300,5,20241010,10,10,2024,Chennai,Sri Motors
101,5018,206,1861900,1,20241010,10,10,2024,Chennai,Falcon Drive
106,5016,202,3418700,4,20241011,11,10,2024,Delhi,Pearl Motors
105,5013,202,825200,1,20241011,11,10,2024,Mumbai,Horizon Motors
102,5006,208,3284900,1,20241012,12,10,2024,Bangalore,Sun Motors
103,5019,201,671300,1,20241012,12,10,2024,Kochi,Ace Motors
104,5011,201,1355200,2,20241012,12,10,2024,Hyderabad,Velocity Autos
102,5004,201,1295500,2,20241012,12,10,2024,Bangalore,Elite Cars
105,5020,202,1667400,2,20241012,12,10,2024,Mumbai,Lotus Automobiles
105,5013,202,867200,1,20241013,13,10,2024,Mumbai,Horizon Motors
106,5016,204,1180400,1,20241013,13,10,2024,Delhi,Pearl Motors
106,5017,204,1168700,1,20241013,13,10,2024,Delhi,Skyline Autos
102,5005,205,4306000,3,20241013,13,10,2024,Bangalore,Royal Automobiles
101,5001,201,2553300,4,20241013,13,10,2024,Chennai,Sri Motors
105,5013,206,11122200,6,20241013,13,10,2024,Mumbai,Horizon Motors
102,5005,205,1357200,1,20241013,13,10,2024,Bangalore,Royal Automobiles
105,5014,203,945700,1,20241013,13,10,2024,Mumbai,Titan Automobiles
102,5004,204,5904400,5,20241014,14,10,2024,Bangalore,Elite Cars
103,5008,204,3624200,3,20241014,14,10,2024,Kochi,Star Drive
102,5005,202,849100,1,20241014,14,10,2024,Bangalore,Royal Automobiles
102,5006,207,2251000,1,20241014,14,10,2024,Bangalore,Sun Motors
101,5001,201,1956600,3,20241014,14,10,2024,Chennai,Sri Motors
104,5009,201,1963900,3,20241014,14,10,2024,Hyderabad,Apex Motors
106,5015,202,794300,1,20241014,14,10,2024,Delhi,Zenith Cars
105,5014,206,1877200,1,20241014,14,10,2024,Mumbai,Titan Automobiles
105,5013,202,1596400,2,20241014,14,10,2024,Mumbai,Horizon Motors
101,5018,203,7474800,8,20241015,15,10,2024,Chennai,Falcon Drive
102,5006,201,1299400,2,20241015,15,10,2024,Bangalore,Sun Motors
104,5011,205,4312100,3,20241015,15,10,2024,Hyderabad,Velocity Autos
105,5013,204,6906700,6,20241015,15,10,2024,Mumbai,Horizon Motors
102,5006,201,3385200,5,20241015,15,10,2024,Bangalore,Sun Motors
104,5011,202,821400,1,20241015,15,10,2024,Hyderabad,Velocity Autos
105,5020,202,1752900,2,20241015,15,10,2024,Mumbai,Lotus Automobiles
106,5017,201,654300,1,20241016,16,10,2024,Delhi,Skyline Autos
105,5020,208,3192800,1,20241016,16,10,2024,Mumbai,Lotus Automobiles
101,5003,207,2417100,1,20241016,16,10,2024,Chennai,Prime Wheels
104,5009,203,2927700,3,20241016,16,10,2024,Hyderabad,Apex Motors
101,5001,201,1974100,3,20241016,16,10,2024,Chennai,Sri Motors
101,5003,207,14386400,6,20241017,17,10,2024,Chennai,Prime Wheels
102,5004,202,1697600,2,20241017,17,10,2024,Bangalore,Elite Cars
102,5004,201,1281300,2,20241017,17,10,2024,Bangalore,Elite Cars
101,5018,202,2386100,3,20241018,18,10,2024,Chennai,Falcon Drive
102,5005,203,2027500,2,20241018,18,10,2024,Bangalore,Royal Automobiles
105,5014,205,4373500,3,20241019,19,10,2024,Mumbai,Titan Automobiles
102,5006,208,3291000,1,20241019,19,10,2024,Bangalore,Sun Motors
104,5010,208,6470500,2,20241019,19,10,2024,Hyderabad,Crown Cars
102,5004,207,7236500,3,20241019,19,10,2024,Bangalore,Elite Cars
102,5006,202,1632100,2,20241019,19,10,2024,Bangalore,Sun Motors
105,5014,203,2767200,3,20241020,20,10,2024,Mumbai,Titan Automobiles
105,5014,205,2864100,2,20241020,20,10,2024,Mumbai,Titan Automobiles
105,5014,204,4904000,4,20241020,20,10,2024,Mumbai,Titan Automobiles
105,5020,203,2003300,2,20241020,20,10,2024,Mumbai,Lotus Automobiles
103,5019,204,1187000,1,20241020,20,10,2024,Kochi,Ace Motors
102,5005,201,1377200,2,20241020,20,10,2024,Bangalore,Royal Automobiles
105,5014,202,1615200,2,20241021,21,10,2024,Mumbai,Titan Automobiles
104,5009,203,979100,1,20241021,21,10,2024,Hyderabad,Apex Motors
104,5009,203,7501200,8,20241021,21,10,2024,Hyderabad,Apex Motors
105,5013,204,1185300,1,20241021,21,10,2024,Mumbai,Horizon Motors
101,5003,201,1304200,2,20241021,21,10,2024,Chennai,Prime Wheels
106,5017,204,11372200,10,20241021,21,10,2024,Delhi,Skyline Autos
105,5020,206,3757600,2,20241021,21,10,2024,Mumbai,Lotus Automobiles
103,5007,203,3785000,4,20241021,21,10,2024,Kochi,Metro Auto Hub
101,5018,202,857400,1,20241021,21,10,2024,Chennai,Falcon Drive
101,5003,201,675200,1,20241021,21,10,2024,Chennai,Prime Wheels
105,5012,206,1752800,1,20241022,22,10,2024,Mumbai,Green Wheels
103,5007,201,640400,1,20241022,22,10,2024,Kochi,Metro Auto Hub
103,5008,205,11543600,8,20241022,22,10,2024,Kochi,Star Drive
105,5012,204,3509300,3,20241022,22,10,2024,Mumbai,Green Wheels
105,5012,201,1946300,3,20241022,22,10,2024,Mumbai,Green Wheels
101,5003,205,2934000,2,20241022,22,10,2024,Chennai,Prime Wheels
102,5004,201,2719200,4,20241023,23,10,2024,Bangalore,Elite Cars
106,5015,208,9387000,3,20241023,23,10,2024,Delhi,Zenith Cars
105,5013,202,822900,1,20241023,23,10,2024,Mumbai,Horizon Motors
104,5009,207,4805700,2,20241023,23,10,2024,Hyderabad,Apex Motors
101,5002,203,929700,1,20241023,23,10,2024,Chennai,Galaxy Auto
103,5007,205,4314400,3,20241023,23,10,2024,Kochi,Metro Auto Hub
104,5009,203,3760600,4,20241023,23,10,2024,Hyderabad,Apex Motors
104,5010,202,3208900,4,20241024,24,10,2024,Hyderabad,Crown Cars
106,5016,204,3570000,3,20241024,24,10,2024,Delhi,Pearl Motors
101,5001,201,655900,1,20241024,24,10,2024,Chennai,Sri Motors
102,5006,201,656500,1,20241025,25,10,2024,Bangalore,Sun Motors
101,5018,208,3415000,1,20241025,25,10,2024,Chennai,Falcon Drive
103,5019,202,855000,1,20241025,25,10,2024,Kochi,Ace Motors
102,5006,202,866700,1,20241025,25,10,2024,Bangalore,Sun Motors
101,5018,203,3875200,4,20241025,25,10,2024,Chennai,Falcon Drive
101,5018,207,24523300,10,20241025,25,10,2024,Chennai,Falcon Drive
105,5013,202,1595500,2,20241026,26,10,2024,Mumbai,Horizon Motors
104,5010,204,2316000,2,20241026,26,10,2024,Hyderabad,Crown Cars
102,5006,204,1154200,1,20241026,26,10,2024,Bangalore,Sun Motors
103,5019,204,1197400,1,20241026,26,10,2024,Kochi,Ace Motors
103,5019,202,806800,1,20241027,27,10,2024,Kochi,Ace Motors
101,5001,204,1227500,1,20241027,27,10,2024,Chennai,Sri Motors
103,5008,202,4223900,5,20241027,27,10,2024,Kochi,Star Drive
104,5011,203,998000,1,20241027,27,10,2024,Hyderabad,Velocity Autos
104,5010,205,2880000,2,20241028,28,10,2024,Hyderabad,Crown Cars
105,5013,204,1207300,1,20241028,28,10,2024,Mumbai,Horizon Motors
106,5016,204,4748800,4,20241028,28,10,2024,Delhi,Pearl Motors
106,5016,206,1841400,1,20241028,28,10,2024,Delhi,Pearl Motors
101,5002,201,672400,1,20241028,28,10,2024,Chennai,Galaxy Auto
105,5020,202,4766900,6,20241028,28,10,2024,Mumbai,Lotus Automobiles
104,5009,204,1137500,1,20241028,28,10,2024,Hyderabad,Apex Motors
105,5012,202,808600,1,20241028,28,10,2024,Mumbai,Green Wheels
106,5015,202,6801500,8,20241029,29,10,2024,Delhi,Zenith Cars
105,5013,203,3716000,4,20241029,29,10,2024,Mumbai,Horizon Motors
104,5011,201,6501800,10,20241029,29,10,2024,Hyderabad,Velocity Autos
105,5013,205,1376400,1,20241030,30,10,2024,Mumbai,Horizon Motors
101,5001,207,2229800,1,20241030,30,10,2024,Chennai,Sri Motors
106,5017,208,3164400,1,20241030,30,10,2024,Delhi,Skyline Autos
103,5008,208,6709500,2,20241030,30,10,2024,Kochi,Star Drive
106,5016,201,1325000,2,20241031,31,10,2024,Delhi,Pearl Motors
101,5002,202,3241600,4,20241031,31,10,2024,Chennai,Galaxy Auto
103,5007,204,3630700,3,20241031,31,10,2024,Kochi,Metro Auto Hub
104,5009,204,2343800,2,20241031,31,10,2024,Hyderabad,Apex Motors
104,5011,206,5597900,3,20241101,1,11,2024,Hyderabad,Velocity Autos
105,5013,204,1133600,1,20241102,2,11,2024,Mumbai,Horizon Motors
105,5014,207,6869200,3,20241103,3,11,2024,Mumbai,Titan Automobiles
106,5016,205,4496600,3,20241103,3,11,2024,Delhi,Pearl Motors
104,5010,203,994900,1,20241103,3,11,2024,Hyderabad,Crown Cars
104,5009,203,2866400,3,20241103,3,11,2024,Hyderabad,Apex Motors
102,5006,207,11395100,5,20241104,4,11,2024,Bangalore,Sun Motors
103,5007,204,3543600,3,20241104,4,11,2024,Kochi,Metro Auto Hub
106,5017,201,2560900,4,20241104,4,11,2024,Delhi,Skyline Autos
101,5002,205,2860900,2,20241105,5,11,2024,Chennai,Galaxy Auto
105,5014,205,2955400,2,20241105,5,11,2024,Mumbai,Titan Automobiles
103,5007,201,646700,1,20241105,5,11,2024,Kochi,Metro Auto Hub
103,5007,201,2722500,4,20241105,5,11,2024,Kochi,Metro Auto Hub
104,5010,208,13605900,4,20241105,5,11,2024,Hyderabad,Crown Cars
101,5003,201,1387000,2,20241105,5,11,2024,Chennai,Prime Wheels
105,5012,202,805500,1,20241106,6,11,2024,Mumbai,Green Wheels
104,5011,204,9261200,8,20241106,6,11,2024,Hyderabad,Velocity Autos
106,5015,201,663900,1,20241106,6,11,2024,Delhi,Zenith Cars
102,5006,202,2446400,3,20241107,7,11,2024,Bangalore,Sun Motors
104,5009,201,2551000,4,20241107,7,11,2024,Hyderabad,Apex Motors
101,5001,206,1858200,1,20241107,7,11,2024,Chennai,Sri Motors
103,5007,202,851200,1,20241108,8,11,2024,Kochi,Metro Auto Hub
103,5008,203,997900,1,20241108,8,11,2024,Kochi,Star Drive
105,5014,202,4995500,6,20241108,8,11,2024,Mumbai,Titan Automobiles
103,5019,201,1890400,3,20241108,8,11,2024,Kochi,Ace Motors
104,5010,201,661200,1,20241108,8,11,2024,Hyderabad,Crown Cars
104,5011,204,1137700,1,20241109,9,11,2024,Hyderabad,Velocity Autos
101,5018,202,6462500,8,20241109,9,11,2024,Chennai,Falcon Drive
104,5010,205,2792100,2,20241109,9,11,2024,Hyderabad,Crown Cars
102,5005,204,1181400,1,20241109,9,11,2024,Bangalore,Royal Automobiles
102,5006,202,8686300,10,20241109,9,11,2024,Bangalore,Sun Motors
105,5020,205,2732500,2,20241110,10,11,2024,Mumbai,Lotus Automobiles
105,5012,206,7079500,4,20241110,10,11,2024,Mumbai,Green Wheels
102,5005,204,2323300,2,20241110,10,11,2024,Bangalore,Royal Automobiles
102,5005,206,1897000,1,20241110,10,11,2024,Bangalore,Royal Automobiles
103,5007,203,964800,1,20241111,11,11,2024,Kochi,Metro Auto Hub
106,5015,208,3186900,1,20241111,11,11,2024,Delhi,Zenith Cars
101,5003,201,1297500,2,20241111,11,11,2024,Chennai,Prime Wheels
103,5019,202,2494600,3,20241111,11,11,2024,Kochi,Ace Motors
101,5001,202,2516600,3,20241111,11,11,2024,Chennai,Sri Motors
106,5016,204,2265800,2,20241111,11,11,2024,Delhi,Pearl Motors
104,5009,206,1755900,1,20241111,11,11,2024,Hyderabad,Apex Motors
105,5020,206,7603500,4,20241111,11,11,2024,Mumbai,Lotus Automobiles
104,5011,202,856000,1,20241111,11,11,2024,Hyderabad,Velocity Autos
102,5005,205,1496300,1,20241112,12,11,2024,Bangalore,Royal Automobiles
104,5009,204,4927300,4,20241112,12,11,2024,Hyderabad,Apex Motors
101,5002,201,1385500,2,20241113,13,11,2024,Chennai,Galaxy Auto
102,5005,205,2811800,2,20241113,13,11,2024,Bangalore,Royal Automobiles
104,5011,203,1928800,2,20241113,13,11,2024,Hyderabad,Velocity Autos
104,5011,206,7308500,4,20241113,13,11,2024,Hyderabad,Velocity Autos
104,5010,201,2048200,3,20241113,13,11,2024,Hyderabad,Crown Cars
101,5003,203,1017100,1,20241113,13,11,2024,Chennai,Prime Wheels
106,5015,203,2030800,2,20241113,13,11,2024,Delhi,Zenith Cars
104,5011,201,1392000,2,20241114,14,11,2024,Hyderabad,Velocity Autos
106,5015,202,1709800,2,20241114,14,11,2024,Delhi,Zenith Cars
104,5011,201,2055300,3,20241114,14,11,2024,Hyderabad,Velocity Autos
106,5016,203,955000,1,20241114,14,11,2024,Delhi,Pearl Motors
101,5003,204,2426900,2,20241115,15,11,2024,Chennai,Prime Wheels
103,5008,202,4859300,6,20241115,15,11,2024,Kochi,Star Drive
101,5001,203,4025800,4,20241115,15,11,2024,Chennai,Sri Motors
101,5001,203,977200,1,20241115,15,11,2024,Chennai,Sri Motors
103,5019,206,1753800,1,20241115,15,11,2024,Kochi,Ace Motors
104,5009,203,1016400,1,20241116,16,11,2024,Hyderabad,Apex Motors
102,5004,204,2344600,2,20241116,16,11,2024,Bangalore,Elite Cars
106,5015,202,799800,1,20241116,16,11,2024,Delhi,Zenith Cars
103,5007,203,2826700,3,20241116,16,11,2024,Kochi,Metro Auto Hub
106,5015,203,7660700,8,20241116,16,11,2024,Delhi,Zenith Cars
102,5004,202,2413700,3,20241116,16,11,2024,Bangalore,Elite Cars
103,5008,207,2365100,1,20241117,17,11,2024,Kochi,Star Drive
105,5014,205,4269900,3,20241117,17,11,2024,Mumbai,Titan Automobiles
102,5006,201,634200,1,20241117,17,11,2024,Bangalore,Sun Motors
103,5019,202,5190200,6,20241117,17,11,2024,Kochi,Ace Motors
103,5007,204,2439000,2,20241117,17,11,2024,Kochi,Metro Auto Hub
101,5018,203,1879700,2,20241117,17,11,2024,Chennai,Falcon Drive
105,5020,204,9810100,8,20241117,17,11,2024,Mumbai,Lotus Automobiles
105,5020,203,3022500,3,20241118,18,11,2024,Mumbai,Lotus Automobiles
101,5003,201,688000,1,20241118,18,11,2024,Chennai,Prime Wheels
103,5008,203,7448900,8,20241118,18,11,2024,Kochi,Star Drive
105,5012,202,811000,1,20241118,18,11,2024,Mumbai,Green Wheels
102,5005,201,2058400,3,20241118,18,11,2024,Bangalore,Royal Automobiles
102,5005,201,677900,1,20241118,18,11,2024,Bangalore,Royal Automobiles
105,5014,201,656000,1,20241119,19,11,2024,Mumbai,Titan Automobiles
102,5005,205,6892800,5,20241119,19,11,2024,Bangalore,Royal Automobiles
101,5003,202,2625000,3,20241120,20,11,2024,Chennai,Prime Wheels
104,5009,205,2975000,2,20241120,20,11,2024,Hyderabad,Apex Motors
101,5003,202,3203100,4,20241120,20,11,2024,Chennai,Prime Wheels
103,5019,207,2340700,1,20241120,20,11,2024,Kochi,Ace Motors
106,5015,206,1924900,1,20241120,20,11,2024,Delhi,Zenith Cars
101,5018,203,2892800,3,20241121,21,11,2024,Chennai,Falcon Drive
103,5008,202,867000,1,20241121,21,11,2024,Kochi,Star Drive
103,5007,205,1382900,1,20241121,21,11,2024,Kochi,Metro Auto Hub
105,5014,207,22631300,10,20241121,21,11,2024,Mumbai,Titan Automobiles
103,5008,208,15993100,5,20241121,21,11,2024,Kochi,Star Drive
102,5005,202,6472400,8,20241121,21,11,2024,Bangalore,Royal Automobiles
101,5018,201,1891900,3,20241122,22,11,2024,Chennai,Falcon Drive
101,5018,201,1365900,2,20241122,22,11,2024,Chennai,Falcon Drive
105,5012,203,990000,1,20241122,22,11,2024,Mumbai,Green Wheels
103,5008,206,1846200,1,20241122,22,11,2024,Kochi,Star Drive
105,5020,201,2656300,4,20241123,23,11,2024,Mumbai,Lotus Automobiles
103,5008,203,1966000,2,20241123,23,11,2024,Kochi,Star Drive
104,5010,202,2535400,3,20241123,23,11,2024,Hyderabad,Crown Cars
101,5018,206,8992900,5,20241123,23,11,2024,Chennai,Falcon Drive
101,5001,204,6020000,5,20241123,23,11,2024,Chennai,Sri Motors
106,5016,201,3263600,5,20241124,24,11,2024,Delhi,Pearl Motors
106,5016,201,683900,1,20241124,24,11,2024,Delhi,Pearl Motors
104,5010,204,3502100,3,20241124,24,11,2024,Hyderabad,Crown Cars
104,5009,207,2365200,1,20241124,24,11,2024,Hyderabad,Apex Motors
101,5001,202,8426600,10,20241124,24,11,2024,Chennai,Sri Motors
103,5008,201,668300,1,20241124,24,11,2024,Kochi,Star Drive
105,5020,203,2030800,2,20241125,25,11,2024,Mumbai,Lotus Automobiles
106,5015,201,679500,1,20241125,25,11,2024,Delhi,Zenith Cars
106,5015,202,806600,1,20241125,25,11,2024,Delhi,Zenith Cars
102,5006,203,2839200,3,20241125,25,11,2024,Bangalore,Sun Motors
101,5001,206,5688500,3,20241127,27,11,2024,Chennai,Sri Motors
105,5012,201,651300,1,20241127,27,11,2024,Mumbai,Green Wheels
103,5008,207,2414800,1,20241127,27,11,2024,Kochi,Star Drive
105,5014,206,5261100,3,20241127,27,11,2024,Mumbai,Titan Automobiles
104,5010,204,3557500,3,20241127,27,11,2024,Hyderabad,Crown Cars
105,5013,207,2421600,1,20241127,27,11,2024,Mumbai,Horizon Motors
106,5016,203,4990900,5,20241127,27,11,2024,Delhi,Pearl Motors
101,5002,201,1931200,3,20241127,27,11,2024,Chennai,Galaxy Auto
101,5001,203,2027300,2,20241128,28,11,2024,Chennai,Sri Motors
106,5015,201,2738400,4,20241129,29,11,2024,Delhi,Zenith Cars
101,5001,204,1138600,1,20241129,29,11,2024,Chennai,Sri Motors
101,5001,204,3529400,3,20241129,29,11,2024,Chennai,Sri Motors
103,5007,204,2250400,2,20241129,29,11,2024,Kochi,Metro Auto Hub
101,5003,201,679500,1,20241129,29,11,2024,Chennai,Prime Wheels
104,5010,205,1409600,1,20241129,29,11,2024,Hyderabad,Crown Cars
104,5009,206,3696500,2,20241130,30,11,2024,Hyderabad,Apex Motors
101,5001,203,2905300,3,20241130,30,11,2024,Chennai,Sri Motors
106,5017,202,811300,1,20241130,30,11,2024,Delhi,Skyline Autos
102,5004,204,2244100,2,20241130,30,11,2024,Bangalore,Elite Cars
106,5016,201,2084000,3,20241130,30,11,2024,Delhi,Pearl Motors
106,5015,201,2709600,4,20241130,30,11,2024,Delhi,Zenith Cars
101,5018,202,855000,1,20241130,30,11,2024,Chennai,Falcon Drive
101,5002,201,688800,1,20241130,30,11,2024,Chennai,Galaxy Auto
103,5019,206,1892600,1,20241201,1,12,2024,Kochi,Ace Motors
101,5002,203,946200,1,20241201,1,12,2024,Chennai,Galaxy Auto
101,5002,208,19542000,6,20241201,1,12,2024,Chennai,Galaxy Auto
103,5019,203,3845300,4,20241201,1,12,2024,Kochi,Ace Motors
103,5008,204,4828200,4,20241201,1,12,2024,Kochi,Star Drive
104,5011,203,2003800,2,20241201,1,12,2024,Hyderabad,Velocity Autos
104,5011,201,695800,1,20241202,2,12,2024,Hyderabad,Velocity Autos
102,5004,203,986800,1,20241202,2,12,2024,Bangalore,Elite Cars
102,5004,204,1192000,1,20241202,2,12,2024,Bangalore,Elite Cars
104,5011,205,1489100,1,20241203,3,12,2024,Hyderabad,Velocity Autos
103,5007,202,1740400,2,20241204,4,12,2024,Kochi,Metro Auto Hub
102,5006,201,693300,1,20241204,4,12,2024,Bangalore,Sun Motors
106,5017,202,2561000,3,20241204,4,12,2024,Delhi,Skyline Autos
104,5011,203,1000500,1,20241204,4,12,2024,Hyderabad,Velocity Autos
104,5009,202,4826000,6,20241204,4,12,2024,Hyderabad,Apex Motors
103,5019,207,2256400,1,20241204,4,12,2024,Kochi,Ace Motors
104,5011,202,2625100,3,20241204,4,12,2024,Hyderabad,Velocity Autos
101,5003,201,1359500,2,20241205,5,12,2024,Chennai,Prime Wheels
101,5018,204,3429800,3,20241205,5,12,2024,Chennai,Falcon Drive
102,5004,201,1366000,2,20241205,5,12,2024,Bangalore,Elite Cars
101,5003,206,1832100,1,20241205,5,12,2024,Chennai,Prime Wheels
102,5005,205,1460800,1,20241206,6,12,2024,Bangalore,Royal Automobiles
101,5003,205,1356300,1,20241206,6,12,2024,Chennai,Prime Wheels
101,5003,204,1211500,1,20241207,7,12,2024,Chennai,Prime Wheels
105,5014,203,2871900,3,20241207,7,12,2024,Mumbai,Titan Automobiles
103,5019,204,4884200,4,20241207,7,12,2024,Kochi,Ace Motors
106,5016,202,857700,1,20241208,8,12,2024,Delhi,Pearl Motors
102,5005,205,1407000,1,20241208,8,12,2024,Bangalore,Royal Automobiles
103,5007,202,6797400,8,20241208,8,12,2024,Kochi,Metro Auto Hub
104,5009,207,14731400,6,20241208,8,12,2024,Hyderabad,Apex Motors
103,5019,207,11926900,5,20241209,9,12,2024,Kochi,Ace Motors
106,5017,202,4293300,5,20241209,9,12,2024,Delhi,Skyline Autos
106,5017,204,1141900,1,20241209,9,12,2024,Delhi,Skyline Autos
102,5006,205,1393300,1,20241209,9,12,2024,Bangalore,Sun Motors
106,5017,201,1900600,3,20241209,9,12,2024,Delhi,Skyline Autos
105,5012,203,1902600,2,20241210,10,12,2024,Mumbai,Green Wheels
101,5018,204,1230700,1,20241210,10,12,2024,Chennai,Falcon Drive
102,5005,203,1982000,2,20241210,10,12,2024,Bangalore,Royal Automobiles
102,5006,204,1181400,1,20241210,10,12,2024,Bangalore,Sun Motors
106,5017,202,3283700,4,20241210,10,12,2024,Delhi,Skyline Autos
106,5016,201,638900,1,20241210,10,12,2024,Delhi,Pearl Motors
106,5016,203,4654100,5,20241210,10,12,2024,Delhi,Pearl Motors
105,5014,206,7671400,4,20241210,10,12,2024,Mumbai,Titan Automobiles
105,5014,202,5139600,6,20241210,10,12,2024,Mumbai,Titan Automobiles
101,5002,201,675200,1,20241210,10,12,2024,Chennai,Galaxy Auto
102,5006,203,6073600,6,20241211,11,12,2024,Bangalore,Sun Motors
105,5012,202,806500,1,20241211,11,12,2024,Mumbai,Green Wheels
106,5016,201,664200,1,20241212,12,12,2024,Delhi,Pearl Motors
106,5017,201,1902200,3,20241212,12,12,2024,Delhi,Skyline Autos
101,5018,203,4600200,5,20241212,12,12,2024,Chennai,Falcon Drive
101,5001,204,3391800,3,20241212,12,12,2024,Chennai,Sri Motors
106,5016,202,871100,1,20241212,12,12,2024,Delhi,Pearl Motors
101,5001,201,2070800,3,20241212,12,12,2024,Chennai,Sri Motors
104,5010,205,2874000,2,20241213,13,12,2024,Hyderabad,Crown Cars
105,5014,202,3491400,4,20241213,13,12,2024,Mumbai,Titan Automobiles
102,5006,203,959000,1,20241214,14,12,2024,Bangalore,Sun Motors
101,5002,201,1271600,2,20241214,14,12,2024,Chennai,Galaxy Auto
103,5007,201,641100,1,20241215,15,12,2024,Kochi,Metro Auto Hub
106,5016,203,3030500,3,20241216,16,12,2024,Delhi,Pearl Motors
103,5008,203,4871700,5,20241216,16,12,2024,Kochi,Star Drive
104,5010,201,2088500,3,20241216,16,12,2024,Hyderabad,Crown Cars
105,5012,203,925800,1,20241216,16,12,2024,Mumbai,Green Wheels
102,5004,203,2830900,3,20241216,16,12,2024,Bangalore,Elite Cars
102,5006,202,1643500,2,20241216,16,12,2024,Bangalore,Sun Motors
105,5020,207,13640400,6,20241217,17,12,2024,Mumbai,Lotus Automobiles
105,5012,201,1902400,3,20241217,17,12,2024,Mumbai,Green Wheels
106,5017,201,647600,1,20241217,17,12,2024,Delhi,Skyline Autos
101,5002,206,11081000,6,20241218,18,12,2024,Chennai,Galaxy Auto
106,5016,201,684900,1,20241219,19,12,2024,Delhi,Pearl Motors
105,5020,203,5077600,5,20241219,19,12,2024,Mumbai,Lotus Automobiles
102,5006,202,2478200,3,20241220,20,12,2024,Bangalore,Sun Motors
104,5010,201,1332300,2,20241220,20,12,2024,Hyderabad,Crown Cars
101,5002,202,2459600,3,20241220,20,12,2024,Chennai,Galaxy Auto
105,5014,204,2394500,2,20241220,20,12,2024,Mumbai,Titan Automobiles
106,5017,201,1349000,2,20241220,20,12,2024,Delhi,Skyline Autos
101,5001,204,2258200,2,20241220,20,12,2024,Chennai,Sri Motors
105,5013,207,9685000,4,20241221,21,12,2024,Mumbai,Horizon Motors
103,5008,202,797100,1,20241221,21,12,2024,Kochi,Star Drive
103,5007,208,31397800,10,20241221,21,12,2024,Kochi,Metro Auto Hub
101,5018,203,9494600,10,20241221,21,12,2024,Chennai,Falcon Drive
101,5003,201,671200,1,20241222,22,12,2024,Chennai,Prime Wheels
102,5004,203,2028700,2,20241222,22,12,2024,Bangalore,Elite Cars
103,5007,206,9477900,5,20241222,22,12,2024,Kochi,Metro Auto Hub
103,5008,206,10668400,6,20241222,22,12,2024,Kochi,Star Drive
106,5016,207,9375100,4,20241222,22,12,2024,Delhi,Pearl Motors
103,5007,203,995600,1,20241223,23,12,2024,Kochi,Metro Auto Hub
104,5011,202,1634600,2,20241223,23,12,2024,Hyderabad,Velocity Autos
101,5001,201,683900,1,20241223,23,12,2024,Chennai,Sri Motors
106,5016,203,2863100,3,20241224,24,12,2024,Delhi,Pearl Motors
105,5013,202,797900,1,20241224,24,12,2024,Mumbai,Horizon Motors
105,5014,202,2481600,3,20241224,24,12,2024,Mumbai,Titan Automobiles
106,5016,202,2492500,3,20241224,24,12,2024,Delhi,Pearl Motors
105,5012,201,6785200,10,20241225,25,12,2024,Mumbai,Green Wheels
105,5014,204,6808400,6,20241225,25,12,2024,Mumbai,Titan Automobiles
101,5018,201,3289700,5,20241226,26,12,2024,Chennai,Falcon Drive
105,5020,201,2024700,3,20241226,26,12,2024,Mumbai,Lotus Automobiles
102,5006,205,4224800,3,20241226,26,12,2024,Bangalore,Sun Motors
104,5009,207,6682600,3,20241227,27,12,2024,Hyderabad,Apex Motors
104,5010,202,802400,1,20241227,27,12,2024,Hyderabad,Crown Cars
105,5013,205,2905000,2,20241227,27,12,2024,Mumbai,Horizon Motors
103,5008,207,2412300,1,20241227,27,12,2024,Kochi,Star Drive
106,5016,201,1922900,3,20241228,28,12,2024,Delhi,Pearl Motors
106,5015,204,2422900,2,20241228,28,12,2024,Delhi,Zenith Cars
101,5003,204,1167700,1,20241228,28,12,2024,Chennai,Prime Wheels
104,5010,205,2913400,2,20241228,28,12,2024,Hyderabad,Crown Cars
102,5005,205,2878300,2,20241228,28,12,2024,Bangalore,Royal Automobiles
105,5014,205,2899500,2,20241228,28,12,2024,Mumbai,Titan Automobiles
101,5001,201,1279500,2,20241229,29,12,2024,Chennai,Sri Motors
104,5010,206,1925900,1,20241229,29,12,2024,Hyderabad,Crown Cars
105,5012,208,6581800,2,20241229,29,12,2024,Mumbai,Green Wheels
104,5011,205,1490400,1,20241229,29,12,2024,Hyderabad,Velocity Autos
103,5007,205,2731400,2,20241230,30,12,2024,Kochi,Metro Auto Hub
102,5006,206,8761200,5,20241230,30,12,2024,Bangalore,Sun Motors
104,5009,201,1944800,3,20241230,30,12,2024,Hyderabad,Apex Motors
104,5011,207,13982800,6,20241231,31,12,2024,Hyderabad,Velocity Autos
103,5019,201,1929200,3,20241231,31,12,2024,Kochi,Ace Motors
101,5018,202,1620200,2,20241231,31,12,2024,Chennai,Falcon Drive
102,5005,206,1767600,1,20241231,31,12,2024,Bangalore,Royal Automobiles
104,5009,208,33787500,10,20250101,1,1,2025,Hyderabad,Apex Motors
104,5010,207,15151900,6,20250101,1,1,2025,Hyderabad,Crown Cars
106,5016,206,5412500,3,20250101,1,1,2025,Delhi,Pearl Motors
104,5010,201,2026900,3,20250101,1,1,2025,Hyderabad,Crown Cars
103,5019,202,864100,1,20250101,1,1,2025,Kochi,Ace Motors
105,5014,203,3100900,3,20250101,1,1,2025,Mumbai,Titan Automobiles
106,5016,206,5446600,3,20250101,1,1,2025,Delhi,Pearl Motors
103,5019,205,4523200,3,20250102,2,1,2025,Kochi,Ace Motors
105,5020,201,681100,1,20250102,2,1,2025,Mumbai,Lotus Automobiles
101,5002,201,701900,1,20250102,2,1,2025,Chennai,Galaxy Auto
102,5006,204,1223600,1,20250103,3,1,2025,Bangalore,Sun Motors
103,5007,202,3489200,4,20250103,3,1,2025,Kochi,Metro Auto Hub
103,5008,201,686800,1,20250104,4,1,2025,Kochi,Star Drive
103,5007,201,1364400,2,20250105,5,1,2025,Kochi,Metro Auto Hub
102,5004,203,1893800,2,20250105,5,1,2025,Bangalore,Elite Cars
102,5006,204,6881500,6,20250106,6,1,2025,Bangalore,Sun Motors
105,5012,206,1797400,1,20250106,6,1,2025,Mumbai,Green Wheels
102,5006,204,2463600,2,20250107,7,1,2025,Bangalore,Sun Motors
101,5001,203,1924800,2,20250107,7,1,2025,Chennai,Sri Motors
104,5011,205,1527800,1,20250107,7,1,2025,Hyderabad,Velocity Autos
104,5009,205,1534600,1,20250107,7,1,2025,Hyderabad,Apex Motors
101,5002,204,1158800,1,20250107,7,1,2025,Chennai,Galaxy Auto
104,5009,203,2029100,2,20250108,8,1,2025,Hyderabad,Apex Motors
106,5015,202,4171700,5,20250108,8,1,2025,Delhi,Zenith Cars
103,5019,207,2460800,1,20250108,8,1,2025,Kochi,Ace Motors
101,5003,203,3060100,3,20250108,8,1,2025,Chennai,Prime Wheels
104,5009,201,712400,1,20250108,8,1,2025,Hyderabad,Apex Motors
106,5017,202,2464300,3,20250108,8,1,2025,Delhi,Skyline Autos
105,5013,202,1746600,2,20250108,8,1,2025,Mumbai,Horizon Motors
104,5010,204,7246300,6,20250109,9,1,2025,Hyderabad,Crown Cars
105,5020,202,841500,1,20250109,9,1,2025,Mumbai,Lotus Automobiles
103,5008,202,1656800,2,20250109,9,1,2025,Kochi,Star Drive
101,5002,202,830300,1,20250109,9,1,2025,Chennai,Galaxy Auto
103,5019,202,1802500,2,20250110,10,1,2025,Kochi,Ace Motors
106,5016,205,1395200,1,20250110,10,1,2025,Delhi,Pearl Motors
105,5014,201,6534200,10,20250110,10,1,2025,Mumbai,Titan Automobiles
104,5009,201,4280100,6,20250111,11,1,2025,Hyderabad,Apex Motors
102,5005,201,660100,1,20250111,11,1,2025,Bangalore,Royal Automobiles
102,5006,206,7397300,4,20250112,12,1,2025,Bangalore,Sun Motors
104,5010,206,15697000,8,20250112,12,1,2025,Hyderabad,Crown Cars
105,5014,203,2915200,3,20250112,12,1,2025,Mumbai,Titan Automobiles
104,5010,201,3929100,6,20250112,12,1,2025,Hyderabad,Crown Cars
105,5014,206,1916300,1,20250112,12,1,2025,Mumbai,Titan Automobiles
101,5018,201,691500,1,20250112,12,1,2025,Chennai,Falcon Drive
105,5013,206,7738000,4,20250112,12,1,2025,Mumbai,Horizon Motors
105,5013,204,1150000,1,20250113,13,1,2025,Mumbai,Horizon Motors
104,5009,205,7317400,5,20250113,13,1,2025,Hyderabad,Apex Motors
102,5005,204,5019500,4,20250113,13,1,2025,Bangalore,Royal Automobiles
101,5003,207,12457000,5,20250113,13,1,2025,Chennai,Prime Wheels
106,5017,204,3624900,3,20250113,13,1,2025,Delhi,Skyline Autos
101,5002,206,1826900,1,20250113,13,1,2025,Chennai,Galaxy Auto
106,5015,201,2807100,4,20250113,13,1,2025,Delhi,Zenith Cars
101,5003,202,845500,1,20250114,14,1,2025,Chennai,Prime Wheels
101,5003,204,3770500,3,20250114,14,1,2025,Chennai,Prime Wheels
102,5005,204,2334700,2,20250114,14,1,2025,Bangalore,Royal Automobiles
105,5013,201,1951500,3,20250114,14,1,2025,Mumbai,Horizon Motors
102,5005,206,9869800,5,20250115,15,1,2025,Bangalore,Royal Automobiles
103,5019,204,12557800,10,20250115,15,1,2025,Kochi,Ace Motors
103,5019,201,4238800,6,20250116,16,1,2025,Kochi,Ace Motors
103,5007,207,13801800,6,20250116,16,1,2025,Kochi,Metro Auto Hub
103,5007,206,1811500,1,20250116,16,1,2025,Kochi,Metro Auto Hub
104,5011,201,2618300,4,20250116,16,1,2025,Hyderabad,Velocity Autos
106,5017,204,2335400,2,20250116,16,1,2025,Delhi,Skyline Autos
105,5013,203,969700,1,20250117,17,1,2025,Mumbai,Horizon Motors
103,5007,203,1025700,1,20250117,17,1,2025,Kochi,Metro Auto Hub
106,5016,202,897200,1,20250117,17,1,2025,Delhi,Pearl Motors
106,5016,207,2478600,1,20250118,18,1,2025,Delhi,Pearl Motors
105,5012,205,4400100,3,20250119,19,1,2025,Mumbai,Green Wheels
101,5018,206,1843000,1,20250119,19,1,2025,Chennai,Falcon Drive
102,5004,201,2825300,4,20250120,20,1,2025,Bangalore,Elite Cars
101,5002,202,3524100,4,20250120,20,1,2025,Chennai,Galaxy Auto
105,5014,201,676800,1,20250120,20,1,2025,Mumbai,Titan Automobiles
105,5020,202,1650100,2,20250120,20,1,2025,Mumbai,Lotus Automobiles
101,5018,204,11843300,10,20250120,20,1,2025,Chennai,Falcon Drive
104,5010,201,1974600,3,20250121,21,1,2025,Hyderabad,Crown Cars
101,5018,201,703800,1,20250121,21,1,2025,Chennai,Falcon Drive
101,5002,206,7796800,4,20250121,21,1,2025,Chennai,Galaxy Auto
103,5007,201,1377100,2,20250122,22,1,2025,Kochi,Metro Auto Hub
105,5013,206,1840300,1,20250122,22,1,2025,Mumbai,Horizon Motors
103,5008,204,2358600,2,20250123,23,1,2025,Kochi,Star Drive
103,5008,202,847900,1,20250123,23,1,2025,Kochi,Star Drive
106,5017,205,1418100,1,20250123,23,1,2025,Delhi,Skyline Autos
104,5009,202,861500,1,20250124,24,1,2025,Hyderabad,Apex Motors
101,5003,201,1316900,2,20250124,24,1,2025,Chennai,Prime Wheels
105,5013,204,3749100,3,20250124,24,1,2025,Mumbai,Horizon Motors
101,5018,201,2672500,4,20250124,24,1,2025,Chennai,Falcon Drive
101,5002,201,1420600,2,20250125,25,1,2025,Chennai,Galaxy Auto
102,5006,203,5921800,6,20250125,25,1,2025,Bangalore,Sun Motors
105,5013,202,5044600,6,20250125,25,1,2025,Mumbai,Horizon Motors
103,5007,203,1030700,1,20250126,26,1,2025,Kochi,Metro Auto Hub
101,5018,201,1364200,2,20250126,26,1,2025,Chennai,Falcon Drive
102,5004,207,2305700,1,20250126,26,1,2025,Bangalore,Elite Cars
102,5006,205,1531300,1,20250126,26,1,2025,Bangalore,Sun Motors
105,5012,203,9785900,10,20250127,27,1,2025,Mumbai,Green Wheels
105,5014,202,1778700,2,20250127,27,1,2025,Mumbai,Titan Automobiles
102,5004,202,819300,1,20250128,28,1,2025,Bangalore,Elite Cars
103,5019,201,1343300,2,20250128,28,1,2025,Kochi,Ace Motors
106,5016,204,1167000,1,20250128,28,1,2025,Delhi,Pearl Motors
103,5008,201,708300,1,20250129,29,1,2025,Kochi,Star Drive
104,5010,205,14860000,10,20250129,29,1,2025,Hyderabad,Crown Cars
101,5001,208,3476200,1,20250130,30,1,2025,Chennai,Sri Motors
105,5012,201,3984200,6,20250130,30,1,2025,Mumbai,Green Wheels
101,5002,201,1408600,2,20250130,30,1,2025,Chennai,Galaxy Auto
105,5013,205,1539000,1,20250131,31,1,2025,Mumbai,Horizon Motors
101,5003,205,7594700,5,20250131,31,1,2025,Chennai,Prime Wheels
103,5008,204,5822600,5,20250131,31,1,2025,Kochi,Star Drive
106,5015,203,5156100,5,20250131,31,1,2025,Delhi,Zenith Cars
104,5010,205,8374800,6,20250131,31,1,2025,Hyderabad,Crown Cars
106,5015,203,1955800,2,20250201,1,2,2025,Delhi,Zenith Cars
105,5013,204,2420400,2,20250202,2,2,2025,Mumbai,Horizon Motors
102,5006,207,4691900,2,20250202,2,2,2025,Bangalore,Sun Motors
104,5010,201,1421800,2,20250203,3,2,2025,Hyderabad,Crown Cars
103,5007,204,4796100,4,20250203,3,2,2025,Kochi,Metro Auto Hub
105,5012,202,840500,1,20250203,3,2,2025,Mumbai,Green Wheels
105,5012,201,1402800,2,20250204,4,2,2025,Mumbai,Green Wheels
105,5012,201,676100,1,20250204,4,2,2025,Mumbai,Green Wheels
103,5019,203,2012700,2,20250204,4,2,2025,Kochi,Ace Motors
106,5015,202,894600,1,20250204,4,2,2025,Delhi,Zenith Cars
103,5008,204,5897800,5,20250204,4,2,2025,Kochi,Star Drive
105,5020,204,1233400,1,20250204,4,2,2025,Mumbai,Lotus Automobiles
105,5014,204,9208700,8,20250205,5,2,2025,Mumbai,Titan Automobiles
103,5007,201,2606600,4,20250205,5,2,2025,Kochi,Metro Auto Hub
105,5012,202,1714400,2,20250206,6,2,2025,Mumbai,Green Wheels
102,5005,207,2527600,1,20250206,6,2,2025,Bangalore,Royal Automobiles
102,5004,203,6143700,6,20250206,6,2,2025,Bangalore,Elite Cars
101,5003,202,881100,1,20250206,6,2,2025,Chennai,Prime Wheels
105,5014,206,3816600,2,20250207,7,2,2025,Mumbai,Titan Automobiles
101,5018,202,2643200,3,20250207,7,2,2025,Chennai,Falcon Drive
105,5014,202,3570500,4,20250207,7,2,2025,Mumbai,Titan Automobiles
102,5004,201,3498900,5,20250207,7,2,2025,Bangalore,Elite Cars
101,5001,201,5587900,8,20250208,8,2,2025,Chennai,Sri Motors
105,5013,201,1296500,2,20250208,8,2,2025,Mumbai,Horizon Motors
102,5004,208,6842100,2,20250208,8,2,2025,Bangalore,Elite Cars
101,5003,202,1634200,2,20250209,9,2,2025,Chennai,Prime Wheels
103,5007,204,2424400,2,20250209,9,2,2025,Kochi,Metro Auto Hub
103,5008,205,5878800,4,20250209,9,2,2025,Kochi,Star Drive
106,5017,207,2509500,1,20250210,10,2,2025,Delhi,Skyline Autos
104,5011,208,9802100,3,20250210,10,2,2025,Hyderabad,Velocity Autos
103,5019,208,9975200,3,20250210,10,2,2025,Kochi,Ace Motors
103,5007,202,901000,1,20250210,10,2,2025,Kochi,Metro Auto Hub
102,5004,203,1015400,1,20250211,11,2,2025,Bangalore,Elite Cars
101,5002,207,2382700,1,20250211,11,2,2025,Chennai,Galaxy Auto
101,5003,202,893900,1,20250211,11,2,2025,Chennai,Prime Wheels
103,5008,204,2443500,2,20250211,11,2,2025,Kochi,Star Drive
105,5020,202,1696300,2,20250211,11,2,2025,Mumbai,Lotus Automobiles
103,5008,202,1700200,2,20250211,11,2,2025,Kochi,Star Drive
105,5014,203,7852000,8,20250212,12,2,2025,Mumbai,Titan Automobiles
106,5017,204,2510300,2,20250212,12,2,2025,Delhi,Skyline Autos
102,5006,203,1047100,1,20250212,12,2,2025,Bangalore,Sun Motors
102,5006,206,3868900,2,20250213,13,2,2025,Bangalore,Sun Motors
102,5005,201,1391200,2,20250213,13,2,2025,Bangalore,Royal Automobiles
101,5002,201,1354600,2,20250213,13,2,2025,Chennai,Galaxy Auto
101,5003,202,4305200,5,20250213,13,2,2025,Chennai,Prime Wheels
101,5003,201,685100,1,20250214,14,2,2025,Chennai,Prime Wheels
103,5008,205,4475000,3,20250214,14,2,2025,Kochi,Star Drive
101,5002,201,675500,1,20250214,14,2,2025,Chennai,Galaxy Auto
105,5013,204,3493800,3,20250215,15,2,2025,Mumbai,Horizon Motors
104,5010,206,1800200,1,20250215,15,2,2025,Hyderabad,Crown Cars
102,5004,205,1511600,1,20250215,15,2,2025,Bangalore,Elite Cars
102,5005,203,990900,1,20250216,16,2,2025,Bangalore,Royal Automobiles
104,5011,204,1155000,1,20250216,16,2,2025,Hyderabad,Velocity Autos
106,5015,202,6835500,8,20250216,16,2,2025,Delhi,Zenith Cars
102,5004,204,3732800,3,20250216,16,2,2025,Bangalore,Elite Cars
104,5010,205,1420500,1,20250217,17,2,2025,Hyderabad,Crown Cars
106,5015,203,3119900,3,20250217,17,2,2025,Delhi,Zenith Cars
105,5012,201,2098700,3,20250217,17,2,2025,Mumbai,Green Wheels
106,5016,205,4613400,3,20250218,18,2,2025,Delhi,Pearl Motors
101,5003,204,1201600,1,20250218,18,2,2025,Chennai,Prime Wheels
101,5018,202,1637100,2,20250218,18,2,2025,Chennai,Falcon Drive
101,5003,202,892300,1,20250218,18,2,2025,Chennai,Prime Wheels
104,5011,203,1902600,2,20250219,19,2,2025,Hyderabad,Velocity Autos
101,5001,208,19206800,6,20250219,19,2,2025,Chennai,Sri Motors
104,5010,207,4979500,2,20250219,19,2,2025,Hyderabad,Crown Cars
101,5003,201,2127700,3,20250220,20,2,2025,Chennai,Prime Wheels
102,5006,206,3713800,2,20250220,20,2,2025,Bangalore,Sun Motors
106,5016,202,855800,1,20250220,20,2,2025,Delhi,Pearl Motors
106,5017,203,965200,1,20250220,20,2,2025,Delhi,Skyline Autos
104,5010,205,3003600,2,20250220,20,2,2025,Hyderabad,Crown Cars
106,5016,201,2596200,4,20250220,20,2,2025,Delhi,Pearl Motors
101,5001,204,3563100,3,20250221,21,2,2025,Chennai,Sri Motors
106,5015,202,2506300,3,20250222,22,2,2025,Delhi,Zenith Cars
101,5001,204,2465800,2,20250222,22,2,2025,Chennai,Sri Motors
104,5010,202,1699900,2,20250223,23,2,2025,Hyderabad,Crown Cars
102,5005,203,965600,1,20250224,24,2,2025,Bangalore,Royal Automobiles
103,5019,202,2550700,3,20250224,24,2,2025,Kochi,Ace Motors
106,5016,202,875200,1,20250225,25,2,2025,Delhi,Pearl Motors
106,5015,204,2372200,2,20250225,25,2,2025,Delhi,Zenith Cars
102,5005,204,1253300,1,20250225,25,2,2025,Bangalore,Royal Automobiles
106,5015,201,1406800,2,20250225,25,2,2025,Delhi,Zenith Cars
103,5007,202,2633700,3,20250226,26,2,2025,Kochi,Metro Auto Hub
105,5020,202,1731600,2,20250227,27,2,2025,Mumbai,Lotus Automobiles
106,5016,207,4743400,2,20250227,27,2,2025,Delhi,Pearl Motors
105,5012,205,4541900,3,20250227,27,2,2025,Mumbai,Green Wheels
103,5019,202,4139400,5,20250227,27,2,2025,Kochi,Ace Motors
103,5008,207,2432900,1,20250228,28,2,2025,Kochi,Star Drive
105,5012,203,998700,1,20250228,28,2,2025,Mumbai,Green Wheels
106,5015,201,1307200,2,20250228,28,2,2025,Delhi,Zenith Cars
106,5015,205,3057800,2,20250301,1,3,2025,Delhi,Zenith Cars
105,5014,201,702400,1,20250301,1,3,2025,Mumbai,Titan Automobiles
102,5006,203,4184300,4,20250301,1,3,2025,Bangalore,Sun Motors
105,5012,203,981800,1,20250301,1,3,2025,Mumbai,Green Wheels
104,5011,204,1249000,1,20250301,1,3,2025,Hyderabad,Velocity Autos
106,5015,203,1908700,2,20250302,2,3,2025,Delhi,Zenith Cars
106,5017,203,1013700,1,20250302,2,3,2025,Delhi,Skyline Autos
101,5003,201,3374300,5,20250302,2,3,2025,Chennai,Prime Wheels
102,5006,201,687200,1,20250303,3,3,2025,Bangalore,Sun Motors
106,5015,204,1177900,1,20250303,3,3,2025,Delhi,Zenith Cars
104,5009,201,669600,1,20250303,3,3,2025,Hyderabad,Apex Motors
105,5013,205,4259900,3,20250304,4,3,2025,Mumbai,Horizon Motors
103,5008,201,664300,1,20250304,4,3,2025,Kochi,Star Drive
101,5018,201,1302500,2,20250304,4,3,2025,Chennai,Falcon Drive
101,5002,202,2491100,3,20250304,4,3,2025,Chennai,Galaxy Auto
102,5004,202,871300,1,20250305,5,3,2025,Bangalore,Elite Cars
102,5006,206,9299500,5,20250305,5,3,2025,Bangalore,Sun Motors
102,5005,201,683900,1,20250305,5,3,2025,Bangalore,Royal Automobiles
101,5002,201,703100,1,20250305,5,3,2025,Chennai,Galaxy Auto
105,5012,208,6562900,2,20250305,5,3,2025,Mumbai,Green Wheels
102,5004,202,1648000,2,20250305,5,3,2025,Bangalore,Elite Cars
101,5001,207,6962900,3,20250305,5,3,2025,Chennai,Sri Motors
103,5019,201,2657200,4,20250306,6,3,2025,Kochi,Ace Motors
106,5015,206,9601100,5,20250306,6,3,2025,Delhi,Zenith Cars
101,5018,205,3065100,2,20250307,7,3,2025,Chennai,Falcon Drive
103,5019,202,1687000,2,20250307,7,3,2025,Kochi,Ace Motors
101,5001,203,3971900,4,20250307,7,3,2025,Chennai,Sri Motors
105,5020,205,4506800,3,20250307,7,3,2025,Mumbai,Lotus Automobiles
105,5012,202,1771700,2,20250308,8,3,2025,Mumbai,Green Wheels
105,5012,203,958000,1,20250308,8,3,2025,Mumbai,Green Wheels
104,5009,202,883600,1,20250308,8,3,2025,Hyderabad,Apex Motors
105,5020,202,834300,1,20250309,9,3,2025,Mumbai,Lotus Automobiles
101,5003,204,3483300,3,20250310,10,3,2025,Chennai,Prime Wheels
105,5012,203,994000,1,20250310,10,3,2025,Mumbai,Green Wheels
106,5015,201,1375200,2,20250311,11,3,2025,Delhi,Zenith Cars
105,5014,201,2851400,4,20250311,11,3,2025,Mumbai,Titan Automobiles
105,5013,202,1714500,2,20250311,11,3,2025,Mumbai,Horizon Motors
106,5017,207,6982100,3,20250311,11,3,2025,Delhi,Skyline Autos
106,5015,202,823200,1,20250311,11,3,2025,Delhi,Zenith Cars
102,5005,205,4616000,3,20250311,11,3,2025,Bangalore,Royal Automobiles
103,5007,204,1265900,1,20250311,11,3,2025,Kochi,Metro Auto Hub
104,5010,201,2772600,4,20250311,11,3,2025,Hyderabad,Crown Cars
105,5014,201,3375000,5,20250311,11,3,2025,Mumbai,Titan Automobiles
106,5016,203,969100,1,20250312,12,3,2025,Delhi,Pearl Motors
102,5004,202,2647600,3,20250312,12,3,2025,Bangalore,Elite Cars
104,5011,208,3221100,1,20250312,12,3,2025,Hyderabad,Velocity Autos
102,5005,203,1909900,2,20250312,12,3,2025,Bangalore,Royal Automobiles
103,5007,202,823800,1,20250312,12,3,2025,Kochi,Metro Auto Hub
105,5013,203,1935900,2,20250313,13,3,2025,Mumbai,Horizon Motors
101,5001,205,3041100,2,20250313,13,3,2025,Chennai,Sri Motors
104,5010,201,4148200,6,20250314,14,3,2025,Hyderabad,Crown Cars
106,5016,201,3445600,5,20250314,14,3,2025,Delhi,Pearl Motors
104,5011,201,2860400,4,20250314,14,3,2025,Hyderabad,Velocity Autos
106,5017,207,7083600,3,20250314,14,3,2025,Delhi,Skyline Autos
101,5003,201,657700,1,20250314,14,3,2025,Chennai,Prime Wheels
104,5009,206,1797600,1,20250315,15,3,2025,Hyderabad,Apex Motors
105,5020,204,1266600,1,20250315,15,3,2025,Mumbai,Lotus Automobiles
106,5015,203,3818800,4,20250315,15,3,2025,Delhi,Zenith Cars
104,5011,203,1967800,2,20250315,15,3,2025,Hyderabad,Velocity Autos
101,5002,205,4235300,3,20250315,15,3,2025,Chennai,Galaxy Auto
102,5006,204,1225400,1,20250316,16,3,2025,Bangalore,Sun Motors
102,5005,201,3360000,5,20250316,16,3,2025,Bangalore,Royal Automobiles
103,5007,201,670900,1,20250316,16,3,2025,Kochi,Metro Auto Hub
104,5009,207,4948600,2,20250316,16,3,2025,Hyderabad,Apex Motors
105,5012,201,1995600,3,20250316,16,3,2025,Mumbai,Green Wheels
104,5011,205,2812800,2,20250316,16,3,2025,Hyderabad,Velocity Autos
101,5002,205,11175300,8,20250316,16,3,2025,Chennai,Galaxy Auto
103,5019,208,3453200,1,20250316,16,3,2025,Kochi,Ace Motors
102,5005,203,4062300,4,20250317,17,3,2025,Bangalore,Royal Automobiles
101,5018,203,984000,1,20250317,17,3,2025,Chennai,Falcon Drive
101,5003,201,2120600,3,20250317,17,3,2025,Chennai,Prime Wheels
101,5018,203,953200,1,20250317,17,3,2025,Chennai,Falcon Drive
103,5008,204,1157300,1,20250317,17,3,2025,Kochi,Star Drive
101,5001,204,5920900,5,20250317,17,3,2025,Chennai,Sri Motors
105,5020,201,673700,1,20250317,17,3,2025,Mumbai,Lotus Automobiles
105,5013,204,2422800,2,20250318,18,3,2025,Mumbai,Horizon Motors
106,5017,201,652600,1,20250318,18,3,2025,Delhi,Skyline Autos
101,5018,205,8866300,6,20250319,19,3,2025,Chennai,Falcon Drive
106,5016,202,2490800,3,20250319,19,3,2025,Delhi,Pearl Motors
103,5008,204,1152800,1,20250320,20,3,2025,Kochi,Star Drive
106,5016,203,4953000,5,20250320,20,3,2025,Delhi,Pearl Motors
105,5013,205,1529400,1,20250321,21,3,2025,Mumbai,Horizon Motors
101,5002,202,2535600,3,20250321,21,3,2025,Chennai,Galaxy Auto
104,5011,208,3297300,1,20250322,22,3,2025,Hyderabad,Velocity Autos
104,5010,202,2563500,3,20250322,22,3,2025,Hyderabad,Crown Cars
104,5009,201,711100,1,20250322,22,3,2025,Hyderabad,Apex Motors
101,5003,205,7445900,5,20250322,22,3,2025,Chennai,Prime Wheels
104,5009,203,1011700,1,20250322,22,3,2025,Hyderabad,Apex Motors
105,5013,202,2590600,3,20250323,23,3,2025,Mumbai,Horizon Motors
101,5018,202,1799500,2,20250323,23,3,2025,Chennai,Falcon Drive
101,5002,205,4399800,3,20250323,23,3,2025,Chennai,Galaxy Auto
104,5009,201,3316600,5,20250323,23,3,2025,Hyderabad,Apex Motors
102,5005,202,2564100,3,20250323,23,3,2025,Bangalore,Royal Automobiles
102,5006,204,1187500,1,20250323,23,3,2025,Bangalore,Sun Motors
106,5015,201,2124700,3,20250324,24,3,2025,Delhi,Zenith Cars
103,5008,201,1298500,2,20250324,24,3,2025,Kochi,Star Drive
103,5008,202,8533900,10,20250324,24,3,2025,Kochi,Star Drive
106,5015,201,2845900,4,20250325,25,3,2025,Delhi,Zenith Cars
102,5005,206,3661000,2,20250325,25,3,2025,Bangalore,Royal Automobiles
104,5009,201,3489400,5,20250325,25,3,2025,Hyderabad,Apex Motors
103,5007,202,858200,1,20250325,25,3,2025,Kochi,Metro Auto Hub
101,5001,201,715800,1,20250326,26,3,2025,Chennai,Sri Motors
101,5018,201,666100,1,20250326,26,3,2025,Chennai,Falcon Drive
106,5016,204,4640200,4,20250326,26,3,2025,Delhi,Pearl Motors
105,5014,203,2842100,3,20250327,27,3,2025,Mumbai,Titan Automobiles
105,5012,202,864500,1,20250327,27,3,2025,Mumbai,Green Wheels
105,5014,206,5572500,3,20250327,27,3,2025,Mumbai,Titan Automobiles
101,5018,205,5655700,4,20250327,27,3,2025,Chennai,Falcon Drive
103,5008,205,1516300,1,20250328,28,3,2025,Kochi,Star Drive
106,5017,207,9243500,4,20250328,28,3,2025,Delhi,Skyline Autos
105,5014,203,998500,1,20250328,28,3,2025,Mumbai,Titan Automobiles
106,5015,206,7648500,4,20250328,28,3,2025,Delhi,Zenith Cars
106,5015,203,968200,1,20250328,28,3,2025,Delhi,Zenith Cars
102,5006,204,1179800,1,20250328,28,3,2025,Bangalore,Sun Motors
101,5003,201,1389400,2,20250329,29,3,2025,Chennai,Prime Wheels
106,5017,203,8234600,8,20250329,29,3,2025,Delhi,Skyline Autos
103,5008,201,1987800,3,20250329,29,3,2025,Kochi,Star Drive
101,5001,201,1354800,2,20250330,30,3,2025,Chennai,Sri Motors
103,5019,203,2073300,2,20250330,30,3,2025,Kochi,Ace Motors
105,5020,203,959300,1,20250330,30,3,2025,Mumbai,Lotus Automobiles
104,5011,202,5334800,6,20250330,30,3,2025,Hyderabad,Velocity Autos
105,5012,205,1443400,1,20250331,31,3,2025,Mumbai,Green Wheels
103,5019,201,698600,1,20250331,31,3,2025,Kochi,Ace Motors
106,5017,204,1184900,1,20250401,1,4,2025,Delhi,Skyline Autos
106,5016,203,7976000,8,20250401,1,4,2025,Delhi,Pearl Motors
106,5017,202,887500,1,20250402,2,4,2025,Delhi,Skyline Autos
105,5012,204,11652600,10,20250402,2,4,2025,Mumbai,Green Wheels
102,5006,202,852300,1,20250403,3,4,2025,Bangalore,Sun Motors
103,5008,204,1231800,1,20250403,3,4,2025,Kochi,Star Drive
105,5012,202,6805400,8,20250403,3,4,2025,Mumbai,Green Wheels
106,5016,203,4011500,4,20250403,3,4,2025,Delhi,Pearl Motors
104,5010,203,996000,1,20250403,3,4,2025,Hyderabad,Crown Cars
104,5009,202,2578900,3,20250403,3,4,2025,Hyderabad,Apex Motors
103,5007,207,9837900,4,20250404,4,4,2025,Kochi,Metro Auto Hub
101,5003,205,8413300,6,20250404,4,4,2025,Chennai,Prime Wheels
104,5009,204,1147900,1,20250405,5,4,2025,Hyderabad,Apex Motors
105,5013,203,8137100,8,20250406,6,4,2025,Mumbai,Horizon Motors
106,5017,206,7876300,4,20250406,6,4,2025,Delhi,Skyline Autos
106,5015,201,5587100,8,20250406,6,4,2025,Delhi,Zenith Cars
101,5003,202,2611400,3,20250407,7,4,2025,Chennai,Prime Wheels
103,5007,201,1301500,2,20250407,7,4,2025,Kochi,Metro Auto Hub
104,5009,203,4092600,4,20250407,7,4,2025,Hyderabad,Apex Motors
104,5009,202,877500,1,20250407,7,4,2025,Hyderabad,Apex Motors
101,5001,204,1233800,1,20250408,8,4,2025,Chennai,Sri Motors
103,5007,206,18174700,10,20250408,8,4,2025,Kochi,Metro Auto Hub
102,5006,207,2310200,1,20250408,8,4,2025,Bangalore,Sun Motors
101,5001,203,1940000,2,20250408,8,4,2025,Chennai,Sri Motors
103,5008,204,1217800,1,20250408,8,4,2025,Kochi,Star Drive
103,5007,202,7114300,8,20250409,9,4,2025,Kochi,Metro Auto Hub
102,5004,208,6658400,2,20250409,9,4,2025,Bangalore,Elite Cars
101,5003,202,885500,1,20250410,10,4,2025,Chennai,Prime Wheels
102,5006,207,4633700,2,20250410,10,4,2025,Bangalore,Sun Motors
106,5015,207,2450500,1,20250410,10,4,2025,Delhi,Zenith Cars
102,5004,208,7006600,2,20250410,10,4,2025,Bangalore,Elite Cars
102,5006,204,1259100,1,20250411,11,4,2025,Bangalore,Sun Motors
101,5001,208,9939600,3,20250411,11,4,2025,Chennai,Sri Motors
102,5004,206,3862000,2,20250411,11,4,2025,Bangalore,Elite Cars
106,5016,203,3042500,3,20250411,11,4,2025,Delhi,Pearl Motors
105,5014,203,952400,1,20250412,12,4,2025,Mumbai,Titan Automobiles
105,5012,204,2452800,2,20250412,12,4,2025,Mumbai,Green Wheels
103,5007,202,1709000,2,20250413,13,4,2025,Kochi,Metro Auto Hub
105,5014,201,671700,1,20250413,13,4,2025,Mumbai,Titan Automobiles
106,5015,201,2009300,3,20250413,13,4,2025,Delhi,Zenith Cars
101,5018,201,1405000,2,20250413,13,4,2025,Chennai,Falcon Drive
105,5012,201,2075800,3,20250413,13,4,2025,Mumbai,Green Wheels
103,5007,206,9494500,5,20250413,13,4,2025,Kochi,Metro Auto Hub
101,5003,207,2397000,1,20250414,14,4,2025,Chennai,Prime Wheels
105,5012,205,1480900,1,20250414,14,4,2025,Mumbai,Green Wheels
101,5018,202,897800,1,20250415,15,4,2025,Chennai,Falcon Drive
105,5020,201,1328100,2,20250415,15,4,2025,Mumbai,Lotus Automobiles
105,5020,204,3453100,3,20250416,16,4,2025,Mumbai,Lotus Automobiles
101,5003,208,6401100,2,20250416,16,4,2025,Chennai,Prime Wheels
106,5015,202,1665600,2,20250416,16,4,2025,Delhi,Zenith Cars
101,5001,204,2426400,2,20250417,17,4,2025,Chennai,Sri Motors
103,5007,205,8659300,6,20250417,17,4,2025,Kochi,Metro Auto Hub
104,5010,203,2977200,3,20250417,17,4,2025,Hyderabad,Crown Cars
105,5013,201,2044400,3,20250418,18,4,2025,Mumbai,Horizon Motors
102,5005,203,1000200,1,20250418,18,4,2025,Bangalore,Royal Automobiles
101,5001,208,6817700,2,20250419,19,4,2025,Chennai,Sri Motors
102,5006,202,2553100,3,20250419,19,4,2025,Bangalore,Sun Motors
102,5006,206,11186600,6,20250419,19,4,2025,Bangalore,Sun Motors
103,5019,204,1185700,1,20250419,19,4,2025,Kochi,Ace Motors
105,5020,201,3450800,5,20250419,19,4,2025,Mumbai,Lotus Automobiles
105,5020,205,15179400,10,20250419,19,4,2025,Mumbai,Lotus Automobiles
102,5005,202,5318800,6,20250420,20,4,2025,Bangalore,Royal Automobiles
104,5010,207,2523300,1,20250420,20,4,2025,Hyderabad,Crown Cars
102,5005,205,1526500,1,20250420,20,4,2025,Bangalore,Royal Automobiles
101,5018,203,972000,1,20250420,20,4,2025,Chennai,Falcon Drive
104,5011,201,1427200,2,20250420,20,4,2025,Hyderabad,Velocity Autos
104,5009,204,1191500,1,20250421,21,4,2025,Hyderabad,Apex Motors
104,5011,201,685500,1,20250421,21,4,2025,Hyderabad,Velocity Autos
106,5017,201,695500,1,20250421,21,4,2025,Delhi,Skyline Autos
102,5004,204,1235800,1,20250421,21,4,2025,Bangalore,Elite Cars
103,5007,206,7224500,4,20250421,21,4,2025,Kochi,Metro Auto Hub
102,5005,206,1800200,1,20250422,22,4,2025,Bangalore,Royal Automobiles
105,5012,205,1469900,1,20250422,22,4,2025,Mumbai,Green Wheels
101,5003,202,3276500,4,20250422,22,4,2025,Chennai,Prime Wheels
101,5003,203,4048700,4,20250422,22,4,2025,Chennai,Prime Wheels
101,5002,205,12138200,8,20250423,23,4,2025,Chennai,Galaxy Auto
106,5015,202,899700,1,20250423,23,4,2025,Delhi,Zenith Cars
106,5017,207,15189600,6,20250423,23,4,2025,Delhi,Skyline Autos
104,5009,203,4747200,5,20250423,23,4,2025,Hyderabad,Apex Motors
102,5004,203,2864200,3,20250423,23,4,2025,Bangalore,Elite Cars
103,5019,201,1418400,2,20250424,24,4,2025,Kochi,Ace Motors
105,5012,202,6655000,8,20250424,24,4,2025,Mumbai,Green Wheels
106,5016,202,4096400,5,20250424,24,4,2025,Delhi,Pearl Motors
102,5005,202,7021700,8,20250424,24,4,2025,Bangalore,Royal Automobiles
106,5016,203,982800,1,20250424,24,4,2025,Delhi,Pearl Motors
105,5012,208,20965200,6,20250424,24,4,2025,Mumbai,Green Wheels
103,5008,202,2489400,3,20250425,25,4,2025,Kochi,Star Drive
102,5004,205,4498300,3,20250425,25,4,2025,Bangalore,Elite Cars
101,5003,208,10201800,3,20250425,25,4,2025,Chennai,Prime Wheels
105,5013,201,665100,1,20250425,25,4,2025,Mumbai,Horizon Motors
101,5018,201,1336300,2,20250425,25,4,2025,Chennai,Falcon Drive
104,5009,201,1344200,2,20250426,26,4,2025,Hyderabad,Apex Motors
104,5011,204,9992000,8,20250426,26,4,2025,Hyderabad,Velocity Autos
101,5018,203,995800,1,20250426,26,4,2025,Chennai,Falcon Drive
101,5018,202,857000,1,20250426,26,4,2025,Chennai,Falcon Drive
103,5007,207,4907600,2,20250426,26,4,2025,Kochi,Metro Auto Hub
104,5011,203,2047400,2,20250426,26,4,2025,Hyderabad,Velocity Autos
105,5014,204,3736300,3,20250427,27,4,2025,Mumbai,Titan Automobiles
104,5010,202,3469200,4,20250428,28,4,2025,Hyderabad,Crown Cars
104,5010,201,2028900,3,20250428,28,4,2025,Hyderabad,Crown Cars
102,5004,204,2411700,2,20250428,28,4,2025,Bangalore,Elite Cars
105,5013,208,3226600,1,20250428,28,4,2025,Mumbai,Horizon Motors
103,5008,201,2600500,4,20250429,29,4,2025,Kochi,Star Drive
104,5011,208,3214200,1,20250429,29,4,2025,Hyderabad,Velocity Autos
104,5010,203,1018200,1,20250429,29,4,2025,Hyderabad,Crown Cars
105,5012,205,2941500,2,20250429,29,4,2025,Mumbai,Green Wheels
101,5002,205,2815700,2,20250430,30,4,2025,Chennai,Galaxy Auto
102,5005,203,5934800,6,20250430,30,4,2025,Bangalore,Royal Automobiles
101,5003,201,1347500,2,20250430,30,4,2025,Chennai,Prime Wheels
105,5012,206,15584100,8,20250430,30,4,2025,Mumbai,Green Wheels
105,5020,203,2075400,2,20250430,30,4,2025,Mumbai,Lotus Automobiles
106,5015,203,3860000,4,20250430,30,4,2025,Delhi,Zenith Cars
104,5010,207,11784600,5,20250430,30,4,2025,Hyderabad,Crown Cars
105,5014,207,14420400,6,20250501,1,5,2025,Mumbai,Titan Automobiles
101,5018,203,975600,1,20250501,1,5,2025,Chennai,Falcon Drive
105,5020,201,1354500,2,20250501,1,5,2025,Mumbai,Lotus Automobiles
105,5014,202,1756300,2,20250501,1,5,2025,Mumbai,Titan Automobiles
104,5011,207,2502400,1,20250501,1,5,2025,Hyderabad,Velocity Autos
106,5015,203,3066900,3,20250502,2,5,2025,Delhi,Zenith Cars
104,5009,204,2296900,2,20250502,2,5,2025,Hyderabad,Apex Motors
105,5020,204,1154100,1,20250503,3,5,2025,Mumbai,Lotus Automobiles
106,5017,203,2983300,3,20250503,3,5,2025,Delhi,Skyline Autos
101,5003,202,7133400,8,20250503,3,5,2025,Chennai,Prime Wheels
102,5006,208,3426400,1,20250503,3,5,2025,Bangalore,Sun Motors
102,5006,203,6160000,6,20250503,3,5,2025,Bangalore,Sun Motors
102,5006,201,1377000,2,20250503,3,5,2025,Bangalore,Sun Motors
105,5020,201,1403200,2,20250503,3,5,2025,Mumbai,Lotus Automobiles
106,5017,207,2445400,1,20250504,4,5,2025,Delhi,Skyline Autos
104,5010,205,1534800,1,20250504,4,5,2025,Hyderabad,Crown Cars
101,5002,208,6622600,2,20250505,5,5,2025,Chennai,Galaxy Auto
102,5004,204,2314900,2,20250505,5,5,2025,Bangalore,Elite Cars
102,5005,203,2985000,3,20250505,5,5,2025,Bangalore,Royal Automobiles
101,5018,207,4892200,2,20250505,5,5,2025,Chennai,Falcon Drive
104,5011,201,656400,1,20250505,5,5,2025,Hyderabad,Velocity Autos
104,5010,202,2513900,3,20250505,5,5,2025,Hyderabad,Crown Cars
104,5009,204,2504400,2,20250506,6,5,2025,Hyderabad,Apex Motors
105,5020,201,3543800,5,20250506,6,5,2025,Mumbai,Lotus Automobiles
101,5002,205,4624800,3,20250506,6,5,2025,Chennai,Galaxy Auto
101,5001,201,1418200,2,20250506,6,5,2025,Chennai,Sri Motors
104,5010,201,2830300,4,20250506,6,5,2025,Hyderabad,Crown Cars
102,5004,204,7548700,6,20250506,6,5,2025,Bangalore,Elite Cars
105,5020,206,1915400,1,20250507,7,5,2025,Mumbai,Lotus Automobiles
101,5003,202,1695200,2,20250507,7,5,2025,Chennai,Prime Wheels
101,5002,201,1360100,2,20250507,7,5,2025,Chennai,Galaxy Auto
101,5001,206,19791800,10,20250507,7,5,2025,Chennai,Sri Motors
101,5002,206,1901900,1,20250508,8,5,2025,Chennai,Galaxy Auto
106,5016,204,1227000,1,20250508,8,5,2025,Delhi,Pearl Motors
101,5002,206,3694800,2,20250508,8,5,2025,Chennai,Galaxy Auto
101,5002,207,4863900,2,20250508,8,5,2025,Chennai,Galaxy Auto
104,5010,202,2651800,3,20250508,8,5,2025,Hyderabad,Crown Cars
103,5019,202,1659400,2,20250509,9,5,2025,Kochi,Ace Motors
104,5009,206,5424100,3,20250509,9,5,2025,Hyderabad,Apex Motors
104,5010,206,3813200,2,20250509,9,5,2025,Hyderabad,Crown Cars
103,5019,207,9666600,4,20250509,9,5,2025,Kochi,Ace Motors
102,5005,205,7102900,5,20250510,10,5,2025,Bangalore,Royal Automobiles
102,5005,205,4502200,3,20250510,10,5,2025,Bangalore,Royal Automobiles
103,5008,203,985000,1,20250510,10,5,2025,Kochi,Star Drive
105,5014,205,5666900,4,20250510,10,5,2025,Mumbai,Titan Automobiles
102,5006,202,829300,1,20250510,10,5,2025,Bangalore,Sun Motors
105,5020,205,4458000,3,20250510,10,5,2025,Mumbai,Lotus Automobiles
102,5005,205,4300100,3,20250510,10,5,2025,Bangalore,Royal Automobiles
101,5018,204,2440100,2,20250511,11,5,2025,Chennai,Falcon Drive
106,5016,205,2847400,2,20250511,11,5,2025,Delhi,Pearl Motors
101,5002,201,2113800,3,20250511,11,5,2025,Chennai,Galaxy Auto
104,5009,202,4171900,5,20250512,12,5,2025,Hyderabad,Apex Motors
103,5019,205,1418700,1,20250513,13,5,2025,Kochi,Ace Motors
105,5020,203,3107000,3,20250513,13,5,2025,Mumbai,Lotus Automobiles
103,5019,204,2347700,2,20250514,14,5,2025,Kochi,Ace Motors
104,5010,207,10090500,4,20250514,14,5,2025,Hyderabad,Crown Cars
106,5015,206,19204600,10,20250514,14,5,2025,Delhi,Zenith Cars
101,5003,205,4607100,3,20250515,15,5,2025,Chennai,Prime Wheels
105,5013,201,3342300,5,20250516,16,5,2025,Mumbai,Horizon Motors
103,5008,204,5959500,5,20250516,16,5,2025,Kochi,Star Drive
101,5001,203,2988100,3,20250516,16,5,2025,Chennai,Sri Motors
105,5012,206,1840800,1,20250516,16,5,2025,Mumbai,Green Wheels
102,5004,203,2028900,2,20250517,17,5,2025,Bangalore,Elite Cars
103,5019,207,2442800,1,20250518,18,5,2025,Kochi,Ace Motors
103,5008,204,2511700,2,20250518,18,5,2025,Kochi,Star Drive
101,5002,204,1208100,1,20250518,18,5,2025,Chennai,Galaxy Auto
103,5019,203,968500,1,20250518,18,5,2025,Kochi,Ace Motors
102,5004,203,3048100,3,20250518,18,5,2025,Bangalore,Elite Cars
105,5012,201,711100,1,20250518,18,5,2025,Mumbai,Green Wheels
101,5001,201,696000,1,20250518,18,5,2025,Chennai,Sri Motors
105,5020,201,2079500,3,20250519,19,5,2025,Mumbai,Lotus Automobiles
101,5003,202,3587400,4,20250519,19,5,2025,Chennai,Prime Wheels
103,5007,203,4138900,4,20250520,20,5,2025,Kochi,Metro Auto Hub
101,5001,201,692600,1,20250520,20,5,2025,Chennai,Sri Motors
106,5016,205,2884100,2,20250520,20,5,2025,Delhi,Pearl Motors
105,5013,203,4018900,4,20250520,20,5,2025,Mumbai,Horizon Motors
102,5005,204,3490800,3,20250520,20,5,2025,Bangalore,Royal Automobiles
102,5006,201,2650000,4,20250520,20,5,2025,Bangalore,Sun Motors
101,5003,201,2117200,3,20250521,21,5,2025,Chennai,Prime Wheels
101,5003,205,4270100,3,20250521,21,5,2025,Chennai,Prime Wheels
106,5017,201,1295700,2,20250521,21,5,2025,Delhi,Skyline Autos
101,5002,201,657800,1,20250521,21,5,2025,Chennai,Galaxy Auto
106,5015,205,2910300,2,20250522,22,5,2025,Delhi,Zenith Cars
104,5009,201,698700,1,20250523,23,5,2025,Hyderabad,Apex Motors
105,5012,202,868500,1,20250523,23,5,2025,Mumbai,Green Wheels
101,5003,203,1029800,1,20250523,23,5,2025,Chennai,Prime Wheels
101,5001,201,653000,1,20250523,23,5,2025,Chennai,Sri Motors
101,5001,205,2971200,2,20250524,24,5,2025,Chennai,Sri Motors
104,5009,203,3002500,3,20250524,24,5,2025,Hyderabad,Apex Motors
105,5013,202,6654700,8,20250524,24,5,2025,Mumbai,Horizon Motors
101,5018,202,1693000,2,20250525,25,5,2025,Chennai,Falcon Drive
102,5004,203,3100500,3,20250525,25,5,2025,Bangalore,Elite Cars
102,5004,206,1899900,1,20250525,25,5,2025,Bangalore,Elite Cars
104,5011,202,1697800,2,20250525,25,5,2025,Hyderabad,Velocity Autos
105,5013,203,2989000,3,20250526,26,5,2025,Mumbai,Horizon Motors
105,5020,201,713600,1,20250526,26,5,2025,Mumbai,Lotus Automobiles
101,5002,202,2475800,3,20250526,26,5,2025,Chennai,Galaxy Auto
101,5018,205,4436800,3,20250526,26,5,2025,Chennai,Falcon Drive
104,5009,204,1150300,1,20250526,26,5,2025,Hyderabad,Apex Motors
105,5014,201,651600,1,20250527,27,5,2025,Mumbai,Titan Automobiles
104,5009,204,1232100,1,20250527,27,5,2025,Hyderabad,Apex Motors
103,5019,203,2086000,2,20250527,27,5,2025,Kochi,Ace Motors
104,5009,203,963600,1,20250528,28,5,2025,Hyderabad,Apex Motors
101,5003,201,675900,1,20250528,28,5,2025,Chennai,Prime Wheels
101,5002,201,1419100,2,20250528,28,5,2025,Chennai,Galaxy Auto
104,5011,201,2136500,3,20250528,28,5,2025,Hyderabad,Velocity Autos
103,5007,201,2133400,3,20250529,29,5,2025,Kochi,Metro Auto Hub
106,5015,203,1997800,2,20250529,29,5,2025,Delhi,Zenith Cars
105,5020,201,706200,1,20250529,29,5,2025,Mumbai,Lotus Automobiles
104,5009,201,676200,1,20250529,29,5,2025,Hyderabad,Apex Motors
101,5002,204,1256100,1,20250530,30,5,2025,Chennai,Galaxy Auto
104,5010,206,9783500,5,20250530,30,5,2025,Hyderabad,Crown Cars
101,5018,201,1329900,2,20250530,30,5,2025,Chennai,Falcon Drive
106,5017,201,668900,1,20250530,30,5,2025,Delhi,Skyline Autos
103,5007,205,2875300,2,20250530,30,5,2025,Kochi,Metro Auto Hub
103,5007,202,1693500,2,20250530,30,5,2025,Kochi,Metro Auto Hub
101,5001,203,1005200,1,20250530,30,5,2025,Chennai,Sri Motors
101,5002,203,1962500,2,20250531,31,5,2025,Chennai,Galaxy Auto
106,5017,206,5712200,3,20250531,31,5,2025,Delhi,Skyline Autos
104,5009,203,2008400,2,20250531,31,5,2025,Hyderabad,Apex Motors
106,5017,202,897300,1,20250601,1,6,2025,Delhi,Skyline Autos
103,5007,204,1217200,1,20250601,1,6,2025,Kochi,Metro Auto Hub
106,5016,208,17494400,5,20250601,1,6,2025,Delhi,Pearl Motors
102,5005,206,15842300,8,20250602,2,6,2025,Bangalore,Royal Automobiles
101,5002,205,3021800,2,20250603,3,6,2025,Chennai,Galaxy Auto
103,5019,207,11551600,5,20250603,3,6,2025,Kochi,Ace Motors
103,5019,203,3984100,4,20250604,4,6,2025,Kochi,Ace Motors
103,5007,206,11080000,6,20250604,4,6,2025,Kochi,Metro Auto Hub
101,5001,201,653600,1,20250604,4,6,2025,Chennai,Sri Motors
103,5007,205,1535200,1,20250604,4,6,2025,Kochi,Metro Auto Hub
104,5009,206,5924800,3,20250604,4,6,2025,Hyderabad,Apex Motors
104,5011,204,3678600,3,20250604,4,6,2025,Hyderabad,Velocity Autos
105,5020,201,2006000,3,20250604,4,6,2025,Mumbai,Lotus Automobiles
101,5003,203,3134800,3,20250605,5,6,2025,Chennai,Prime Wheels
106,5016,203,2939400,3,20250607,7,6,2025,Delhi,Pearl Motors
102,5006,201,1329800,2,20250607,7,6,2025,Bangalore,Sun Motors
102,5005,202,881900,1,20250607,7,6,2025,Bangalore,Royal Automobiles
101,5001,204,2517000,2,20250608,8,6,2025,Chennai,Sri Motors
101,5018,203,2036100,2,20250608,8,6,2025,Chennai,Falcon Drive
101,5003,208,10050000,3,20250608,8,6,2025,Chennai,Prime Wheels
103,5008,206,3745100,2,20250608,8,6,2025,Kochi,Star Drive
101,5002,201,1365200,2,20250608,8,6,2025,Chennai,Galaxy Auto
103,5019,202,866200,1,20250609,9,6,2025,Kochi,Ace Motors
106,5017,201,715200,1,20250610,10,6,2025,Delhi,Skyline Autos
104,5010,205,7569400,5,20250610,10,6,2025,Hyderabad,Crown Cars
102,5006,201,2667100,4,20250610,10,6,2025,Bangalore,Sun Motors
102,5006,208,6442800,2,20250610,10,6,2025,Bangalore,Sun Motors
105,5012,201,6706300,10,20250610,10,6,2025,Mumbai,Green Wheels
105,5014,202,864400,1,20250611,11,6,2025,Mumbai,Titan Automobiles
103,5008,207,5066700,2,20250611,11,6,2025,Kochi,Star Drive
105,5020,207,7007900,3,20250612,12,6,2025,Mumbai,Lotus Automobiles
103,5019,202,824600,1,20250612,12,6,2025,Kochi,Ace Motors
106,5016,204,1238700,1,20250612,12,6,2025,Delhi,Pearl Motors
102,5006,201,4236500,6,20250613,13,6,2025,Bangalore,Sun Motors
105,5014,201,658800,1,20250613,13,6,2025,Mumbai,Titan Automobiles
102,5005,206,3775100,2,20250613,13,6,2025,Bangalore,Royal Automobiles
105,5013,202,4370400,5,20250614,14,6,2025,Mumbai,Horizon Motors
105,5013,202,1766300,2,20250614,14,6,2025,Mumbai,Horizon Motors
105,5020,204,5966000,5,20250614,14,6,2025,Mumbai,Lotus Automobiles
102,5005,204,9621300,8,20250614,14,6,2025,Bangalore,Royal Automobiles
101,5001,205,2909900,2,20250614,14,6,2025,Chennai,Sri Motors
101,5003,206,3593500,2,20250614,14,6,2025,Chennai,Prime Wheels
104,5009,206,7281400,4,20250614,14,6,2025,Hyderabad,Apex Motors
103,5007,208,9987500,3,20250615,15,6,2025,Kochi,Metro Auto Hub
102,5005,202,1736100,2,20250615,15,6,2025,Bangalore,Royal Automobiles
106,5015,202,1770500,2,20250615,15,6,2025,Delhi,Zenith Cars
106,5016,202,896600,1,20250616,16,6,2025,Delhi,Pearl Motors
105,5020,201,652300,1,20250616,16,6,2025,Mumbai,Lotus Automobiles
104,5010,205,12088700,8,20250617,17,6,2025,Hyderabad,Crown Cars
103,5008,201,647900,1,20250617,17,6,2025,Kochi,Star Drive
104,5010,204,3709600,3,20250617,17,6,2025,Hyderabad,Crown Cars
106,5015,202,3441800,4,20250617,17,6,2025,Delhi,Zenith Cars
101,5001,202,1684400,2,20250618,18,6,2025,Chennai,Sri Motors
102,5005,205,2903300,2,20250618,18,6,2025,Bangalore,Royal Automobiles
106,5015,201,1385500,2,20250618,18,6,2025,Delhi,Zenith Cars
104,5011,201,651800,1,20250618,18,6,2025,Hyderabad,Velocity Autos
102,5004,201,2775700,4,20250619,19,6,2025,Bangalore,Elite Cars
101,5001,205,1468900,1,20250619,19,6,2025,Chennai,Sri Motors
105,5013,205,14978700,10,20250619,19,6,2025,Mumbai,Horizon Motors
106,5016,208,3505000,1,20250619,19,6,2025,Delhi,Pearl Motors
104,5010,206,3772600,2,20250619,19,6,2025,Hyderabad,Crown Cars
105,5014,207,7580300,3,20250619,19,6,2025,Mumbai,Titan Automobiles
101,5003,206,15871100,8,20250620,20,6,2025,Chennai,Prime Wheels
106,5016,202,4230100,5,20250620,20,6,2025,Delhi,Pearl Motors
101,5018,201,5330800,8,20250620,20,6,2025,Chennai,Falcon Drive
106,5017,206,9654700,5,20250621,21,6,2025,Delhi,Skyline Autos
102,5005,206,1876000,1,20250621,21,6,2025,Bangalore,Royal Automobiles
104,5009,201,1356300,2,20250621,21,6,2025,Hyderabad,Apex Motors
103,5008,205,1537600,1,20250621,21,6,2025,Kochi,Star Drive
105,5012,201,2087600,3,20250621,21,6,2025,Mumbai,Green Wheels
101,5001,204,11585600,10,20250621,21,6,2025,Chennai,Sri Motors
105,5013,202,829200,1,20250622,22,6,2025,Mumbai,Horizon Motors
105,5012,201,686400,1,20250622,22,6,2025,Mumbai,Green Wheels
101,5001,204,3608600,3,20250622,22,6,2025,Chennai,Sri Motors
104,5009,204,2380700,2,20250622,22,6,2025,Hyderabad,Apex Motors
104,5009,205,7100500,5,20250623,23,6,2025,Hyderabad,Apex Motors
105,5013,203,1968800,2,20250623,23,6,2025,Mumbai,Horizon Motors
102,5006,201,1430900,2,20250623,23,6,2025,Bangalore,Sun Motors
101,5003,205,1501200,1,20250624,24,6,2025,Chennai,Prime Wheels
106,5016,201,679800,1,20250624,24,6,2025,Delhi,Pearl Motors
103,5007,206,1853500,1,20250625,25,6,2025,Kochi,Metro Auto Hub
103,5007,202,1682100,2,20250625,25,6,2025,Kochi,Metro Auto Hub
103,5007,204,6314100,5,20250625,25,6,2025,Kochi,Metro Auto Hub
101,5018,201,678400,1,20250625,25,6,2025,Chennai,Falcon Drive
105,5013,204,7407100,6,20250625,25,6,2025,Mumbai,Horizon Motors
106,5015,204,3535600,3,20250625,25,6,2025,Delhi,Zenith Cars
103,5007,201,649000,1,20250627,27,6,2025,Kochi,Metro Auto Hub
102,5005,204,2319800,2,20250627,27,6,2025,Bangalore,Royal Automobiles
106,5017,207,14467800,6,20250627,27,6,2025,Delhi,Skyline Autos
103,5007,202,903600,1,20250627,27,6,2025,Kochi,Metro Auto Hub
105,5014,207,6955900,3,20250627,27,6,2025,Mumbai,Titan Automobiles
101,5018,205,2881200,2,20250628,28,6,2025,Chennai,Falcon Drive
102,5006,206,3696500,2,20250629,29,6,2025,Bangalore,Sun Motors
101,5018,205,1403100,1,20250629,29,6,2025,Chennai,Falcon Drive
105,5013,203,1012700,1,20250629,29,6,2025,Mumbai,Horizon Motors
103,5007,203,5112900,5,20250630,30,6,2025,Kochi,Metro Auto Hub
102,5006,206,14847400,8,20250701,1,7,2025,Bangalore,Sun Motors
102,5005,201,1336900,2,20250702,2,7,2025,Bangalore,Royal Automobiles
106,5016,201,2656900,4,20250702,2,7,2025,Delhi,Pearl Motors
105,5020,202,5320400,6,20250702,2,7,2025,Mumbai,Lotus Automobiles
103,5007,201,2046100,3,20250702,2,7,2025,Kochi,Metro Auto Hub
103,5008,201,2140500,3,20250703,3,7,2025,Kochi,Star Drive
102,5004,202,902200,1,20250703,3,7,2025,Bangalore,Elite Cars
101,5001,202,2532600,3,20250704,4,7,2025,Chennai,Sri Motors
102,5005,206,5689000,3,20250704,4,7,2025,Bangalore,Royal Automobiles
101,5002,204,2441000,2,20250705,5,7,2025,Chennai,Galaxy Auto
106,5016,202,2621800,3,20250705,5,7,2025,Delhi,Pearl Motors
101,5001,203,4821700,5,20250705,5,7,2025,Chennai,Sri Motors
104,5010,203,3936000,4,20250705,5,7,2025,Hyderabad,Crown Cars
105,5012,203,3047700,3,20250705,5,7,2025,Mumbai,Green Wheels
106,5015,201,2800800,4,20250705,5,7,2025,Delhi,Zenith Cars
106,5017,203,2019800,2,20250706,6,7,2025,Delhi,Skyline Autos
102,5005,203,4134200,4,20250706,6,7,2025,Bangalore,Royal Automobiles
103,5019,208,3464400,1,20250707,7,7,2025,Kochi,Ace Motors
104,5011,204,1187300,1,20250707,7,7,2025,Hyderabad,Velocity Autos
105,5013,201,1989100,3,20250708,8,7,2025,Mumbai,Horizon Motors
101,5018,202,1793500,2,20250708,8,7,2025,Chennai,Falcon Drive
102,5005,204,11491700,10,20250708,8,7,2025,Bangalore,Royal Automobiles
101,5003,205,4616800,3,20250709,9,7,2025,Chennai,Prime Wheels
104,5011,201,2752900,4,20250709,9,7,2025,Hyderabad,Velocity Autos
103,5019,201,651300,1,20250709,9,7,2025,Kochi,Ace Motors
104,5010,204,2296600,2,20250709,9,7,2025,Hyderabad,Crown Cars
105,5013,203,1004500,1,20250710,10,7,2025,Mumbai,Horizon Motors
103,5007,207,4828900,2,20250710,10,7,2025,Kochi,Metro Auto Hub
105,5020,201,1331400,2,20250710,10,7,2025,Mumbai,Lotus Automobiles
105,5012,204,5730800,5,20250710,10,7,2025,Mumbai,Green Wheels
106,5015,202,2609500,3,20250710,10,7,2025,Delhi,Zenith Cars
106,5017,204,3578900,3,20250712,12,7,2025,Delhi,Skyline Autos
102,5006,203,1939300,2,20250712,12,7,2025,Bangalore,Sun Motors
104,5011,208,3433600,1,20250713,13,7,2025,Hyderabad,Velocity Autos
104,5010,202,868800,1,20250713,13,7,2025,Hyderabad,Crown Cars
105,5014,203,3830000,4,20250714,14,7,2025,Mumbai,Titan Automobiles
101,5003,201,658000,1,20250714,14,7,2025,Chennai,Prime Wheels
105,5013,205,1445900,1,20250714,14,7,2025,Mumbai,Horizon Motors
105,5014,203,1045900,1,20250714,14,7,2025,Mumbai,Titan Automobiles
104,5009,206,3940400,2,20250715,15,7,2025,Hyderabad,Apex Motors
106,5016,201,1412100,2,20250715,15,7,2025,Delhi,Pearl Motors
101,5003,201,1979500,3,20250715,15,7,2025,Chennai,Prime Wheels
102,5006,204,5895000,5,20250715,15,7,2025,Bangalore,Sun Motors
106,5015,201,5523800,8,20250715,15,7,2025,Delhi,Zenith Cars
102,5004,207,4674200,2,20250715,15,7,2025,Bangalore,Elite Cars
101,5018,204,2391600,2,20250716,16,7,2025,Chennai,Falcon Drive
101,5001,207,11907400,5,20250716,16,7,2025,Chennai,Sri Motors
106,5017,202,847400,1,20250717,17,7,2025,Delhi,Skyline Autos
102,5006,201,1339200,2,20250717,17,7,2025,Bangalore,Sun Motors
101,5018,201,678600,1,20250717,17,7,2025,Chennai,Falcon Drive
105,5013,201,673500,1,20250717,17,7,2025,Mumbai,Horizon Motors
101,5003,206,14830400,8,20250717,17,7,2025,Chennai,Prime Wheels
101,5001,208,3208600,1,20250718,18,7,2025,Chennai,Sri Motors
105,5013,201,650800,1,20250718,18,7,2025,Mumbai,Horizon Motors
103,5007,204,1169700,1,20250718,18,7,2025,Kochi,Metro Auto Hub
106,5015,203,1986600,2,20250719,19,7,2025,Delhi,Zenith Cars
106,5015,205,1423800,1,20250719,19,7,2025,Delhi,Zenith Cars
106,5016,203,1922700,2,20250719,19,7,2025,Delhi,Pearl Motors
104,5010,204,1262300,1,20250719,19,7,2025,Hyderabad,Crown Cars
105,5020,201,690600,1,20250719,19,7,2025,Mumbai,Lotus Automobiles
105,5014,204,1236200,1,20250719,19,7,2025,Mumbai,Titan Automobiles
103,5019,204,6145400,5,20250720,20,7,2025,Kochi,Ace Motors
102,5004,204,1174300,1,20250721,21,7,2025,Bangalore,Elite Cars
106,5015,201,5518300,8,20250721,21,7,2025,Delhi,Zenith Cars
105,5014,205,1492500,1,20250722,22,7,2025,Mumbai,Titan Automobiles
106,5017,205,2870900,2,20250723,23,7,2025,Delhi,Skyline Autos
101,5001,204,1246300,1,20250723,23,7,2025,Chennai,Sri Motors
101,5002,203,2042900,2,20250724,24,7,2025,Chennai,Galaxy Auto
103,5007,205,5721800,4,20250724,24,7,2025,Kochi,Metro Auto Hub
102,5006,202,6967100,8,20250724,24,7,2025,Bangalore,Sun Motors
105,5014,201,1391100,2,20250724,24,7,2025,Mumbai,Titan Automobiles
106,5016,203,961700,1,20250724,24,7,2025,Delhi,Pearl Motors
104,5011,201,2135600,3,20250724,24,7,2025,Hyderabad,Velocity Autos
101,5018,204,1233600,1,20250724,24,7,2025,Chennai,Falcon Drive
104,5010,203,3875900,4,20250724,24,7,2025,Hyderabad,Crown Cars
102,5005,205,1449400,1,20250725,25,7,2025,Bangalore,Royal Automobiles
103,5007,202,877400,1,20250725,25,7,2025,Kochi,Metro Auto Hub
103,5007,201,2072100,3,20250726,26,7,2025,Kochi,Metro Auto Hub
103,5007,201,1421700,2,20250726,26,7,2025,Kochi,Metro Auto Hub
105,5012,201,699700,1,20250726,26,7,2025,Mumbai,Green Wheels
106,5017,206,3814100,2,20250727,27,7,2025,Delhi,Skyline Autos
106,5017,205,4218200,3,20250727,27,7,2025,Delhi,Skyline Autos
102,5006,203,10143000,10,20250727,27,7,2025,Bangalore,Sun Motors
101,5002,204,6173700,5,20250727,27,7,2025,Chennai,Galaxy Auto
106,5015,204,1152800,1,20250727,27,7,2025,Delhi,Zenith Cars
101,5003,204,7279300,6,20250728,28,7,2025,Chennai,Prime Wheels
104,5011,203,1911900,2,20250728,28,7,2025,Hyderabad,Velocity Autos
106,5017,205,1535400,1,20250728,28,7,2025,Delhi,Skyline Autos
104,5009,201,661500,1,20250729,29,7,2025,Hyderabad,Apex Motors
105,5012,203,2073300,2,20250729,29,7,2025,Mumbai,Green Wheels
102,5005,201,1409400,2,20250731,31,7,2025,Bangalore,Royal Automobiles
104,5009,203,2057300,2,20250731,31,7,2025,Hyderabad,Apex Motors
104,5011,203,1014500,1,20250731,31,7,2025,Hyderabad,Velocity Autos
101,5002,205,4205500,3,20250731,31,7,2025,Chennai,Galaxy Auto
105,5020,207,6981200,3,20250731,31,7,2025,Mumbai,Lotus Automobiles
105,5013,204,1257400,1,20250801,1,8,2025,Mumbai,Horizon Motors
104,5009,205,1526100,1,20250801,1,8,2025,Hyderabad,Apex Motors
104,5009,204,2448500,2,20250802,2,8,2025,Hyderabad,Apex Motors
106,5017,204,2477900,2,20250803,3,8,2025,Delhi,Skyline Autos
102,5004,206,9172800,5,20250803,3,8,2025,Bangalore,Elite Cars
106,5015,203,5040400,5,20250803,3,8,2025,Delhi,Zenith Cars
105,5013,206,5749500,3,20250804,4,8,2025,Mumbai,Horizon Motors
105,5020,203,10364700,10,20250804,4,8,2025,Mumbai,Lotus Automobiles
101,5001,201,704500,1,20250804,4,8,2025,Chennai,Sri Motors
101,5002,205,14955100,10,20250804,4,8,2025,Chennai,Galaxy Auto
105,5013,201,2073700,3,20250805,5,8,2025,Mumbai,Horizon Motors
103,5007,202,892300,1,20250805,5,8,2025,Kochi,Metro Auto Hub
106,5016,205,12084100,8,20250805,5,8,2025,Delhi,Pearl Motors
106,5015,204,1204400,1,20250805,5,8,2025,Delhi,Zenith Cars
104,5009,204,4881800,4,20250805,5,8,2025,Hyderabad,Apex Motors
103,5007,202,5294400,6,20250805,5,8,2025,Kochi,Metro Auto Hub
106,5017,206,5621600,3,20250806,6,8,2025,Delhi,Skyline Autos
104,5011,201,1313700,2,20250806,6,8,2025,Hyderabad,Velocity Autos
104,5011,201,652300,1,20250806,6,8,2025,Hyderabad,Velocity Autos
102,5006,205,4337400,3,20250806,6,8,2025,Bangalore,Sun Motors
105,5014,201,1330600,2,20250806,6,8,2025,Mumbai,Titan Automobiles
101,5003,201,1375100,2,20250806,6,8,2025,Chennai,Prime Wheels
101,5001,208,3242600,1,20250807,7,8,2025,Chennai,Sri Motors
101,5001,203,5962800,6,20250807,7,8,2025,Chennai,Sri Motors
105,5014,207,5011300,2,20250807,7,8,2025,Mumbai,Titan Automobiles
104,5010,207,2438100,1,20250808,8,8,2025,Hyderabad,Crown Cars
105,5014,201,1948000,3,20250808,8,8,2025,Mumbai,Titan Automobiles
101,5003,206,7456000,4,20250810,10,8,2025,Chennai,Prime Wheels
105,5012,202,6597300,8,20250810,10,8,2025,Mumbai,Green Wheels
105,5012,204,1255000,1,20250810,10,8,2025,Mumbai,Green Wheels
102,5006,204,3593100,3,20250810,10,8,2025,Bangalore,Sun Motors
104,5009,208,3192800,1,20250811,11,8,2025,Hyderabad,Apex Motors
101,5002,201,2857500,4,20250811,11,8,2025,Chennai,Galaxy Auto
106,5017,201,2810100,4,20250811,11,8,2025,Delhi,Skyline Autos
104,5009,205,3000700,2,20250812,12,8,2025,Hyderabad,Apex Motors
103,5007,203,2026200,2,20250812,12,8,2025,Kochi,Metro Auto Hub
101,5002,205,1492600,1,20250812,12,8,2025,Chennai,Galaxy Auto
101,5001,201,2100100,3,20250813,13,8,2025,Chennai,Sri Motors
101,5002,201,677000,1,20250813,13,8,2025,Chennai,Galaxy Auto
106,5015,203,1012900,1,20250813,13,8,2025,Delhi,Zenith Cars
105,5020,201,2865700,4,20250813,13,8,2025,Mumbai,Lotus Automobiles
101,5003,204,1224600,1,20250814,14,8,2025,Chennai,Prime Wheels
104,5011,202,3596300,4,20250814,14,8,2025,Hyderabad,Velocity Autos
102,5004,203,1958200,2,20250814,14,8,2025,Bangalore,Elite Cars
106,5016,201,1414400,2,20250816,16,8,2025,Delhi,Pearl Motors
101,5003,204,2526800,2,20250816,16,8,2025,Chennai,Prime Wheels
103,5019,203,6233200,6,20250816,16,8,2025,Kochi,Ace Motors
105,5012,202,3528500,4,20250816,16,8,2025,Mumbai,Green Wheels
104,5009,205,4527900,3,20250816,16,8,2025,Hyderabad,Apex Motors
102,5006,203,1016600,1,20250817,17,8,2025,Bangalore,Sun Motors
106,5016,205,4532500,3,20250817,17,8,2025,Delhi,Pearl Motors
104,5011,203,3005000,3,20250817,17,8,2025,Hyderabad,Velocity Autos
101,5003,201,650900,1,20250818,18,8,2025,Chennai,Prime Wheels
106,5015,203,4188600,4,20250818,18,8,2025,Delhi,Zenith Cars
102,5004,206,1838400,1,20250819,19,8,2025,Bangalore,Elite Cars
105,5013,205,4493700,3,20250819,19,8,2025,Mumbai,Horizon Motors
102,5006,207,4993200,2,20250819,19,8,2025,Bangalore,Sun Motors
104,5011,204,1201900,1,20250819,19,8,2025,Hyderabad,Velocity Autos
101,5003,201,682600,1,20250819,19,8,2025,Chennai,Prime Wheels
105,5014,202,901200,1,20250820,20,8,2025,Mumbai,Titan Automobiles
103,5007,208,9870200,3,20250820,20,8,2025,Kochi,Metro Auto Hub
103,5007,201,2668200,4,20250820,20,8,2025,Kochi,Metro Auto Hub
101,5003,202,3311600,4,20250820,20,8,2025,Chennai,Prime Wheels
106,5017,205,8993900,6,20250820,20,8,2025,Delhi,Skyline Autos
101,5002,201,1394400,2,20250821,21,8,2025,Chennai,Galaxy Auto
102,5006,201,651200,1,20250821,21,8,2025,Bangalore,Sun Motors
105,5013,208,6745900,2,20250821,21,8,2025,Mumbai,Horizon Motors
103,5019,208,3223600,1,20250821,21,8,2025,Kochi,Ace Motors
103,5019,205,6146000,4,20250821,21,8,2025,Kochi,Ace Motors
105,5014,203,3081200,3,20250822,22,8,2025,Mumbai,Titan Automobiles
104,5010,203,968100,1,20250822,22,8,2025,Hyderabad,Crown Cars
106,5016,201,6771600,10,20250822,22,8,2025,Delhi,Pearl Motors
101,5001,205,5868800,4,20250822,22,8,2025,Chennai,Sri Motors
105,5012,203,3051300,3,20250822,22,8,2025,Mumbai,Green Wheels
102,5005,201,658700,1,20250823,23,8,2025,Bangalore,Royal Automobiles
103,5007,201,652500,1,20250823,23,8,2025,Kochi,Metro Auto Hub
105,5020,203,3981600,4,20250823,23,8,2025,Mumbai,Lotus Automobiles
102,5004,202,825300,1,20250823,23,8,2025,Bangalore,Elite Cars
105,5014,201,2071400,3,20250823,23,8,2025,Mumbai,Titan Automobiles
103,5007,207,4928800,2,20250823,23,8,2025,Kochi,Metro Auto Hub
105,5020,207,14934300,6,20250823,23,8,2025,Mumbai,Lotus Automobiles
101,5001,203,1909600,2,20250824,24,8,2025,Chennai,Sri Motors
105,5014,201,681900,1,20250824,24,8,2025,Mumbai,Titan Automobiles
102,5004,202,1649000,2,20250824,24,8,2025,Bangalore,Elite Cars
105,5020,201,714800,1,20250824,24,8,2025,Mumbai,Lotus Automobiles
103,5008,204,3800900,3,20250824,24,8,2025,Kochi,Star Drive
101,5001,206,3775100,2,20250825,25,8,2025,Chennai,Sri Motors
103,5007,204,1220200,1,20250825,25,8,2025,Kochi,Metro Auto Hub
105,5020,201,1993300,3,20250825,25,8,2025,Mumbai,Lotus Automobiles
104,5009,205,11837100,8,20250825,25,8,2025,Hyderabad,Apex Motors
102,5004,201,3286200,5,20250826,26,8,2025,Bangalore,Elite Cars
101,5018,203,978800,1,20250827,27,8,2025,Chennai,Falcon Drive
103,5007,207,2295500,1,20250827,27,8,2025,Kochi,Metro Auto Hub
101,5001,206,9710700,5,20250827,27,8,2025,Chennai,Sri Motors
106,5016,204,1237200,1,20250827,27,8,2025,Delhi,Pearl Motors
105,5012,205,2791600,2,20250827,27,8,2025,Mumbai,Green Wheels
103,5008,202,879500,1,20250828,28,8,2025,Kochi,Star Drive
101,5003,208,3469700,1,20250828,28,8,2025,Chennai,Prime Wheels
105,5012,204,3498500,3,20250828,28,8,2025,Mumbai,Green Wheels
105,5014,203,3979800,4,20250828,28,8,2025,Mumbai,Titan Automobiles
105,5020,205,2808600,2,20250828,28,8,2025,Mumbai,Lotus Automobiles
105,5012,208,19770400,6,20250828,28,8,2025,Mumbai,Green Wheels
103,5007,205,7665700,5,20250829,29,8,2025,Kochi,Metro Auto Hub
105,5013,201,1422500,2,20250830,30,8,2025,Mumbai,Horizon Motors
106,5017,202,1675300,2,20250830,30,8,2025,Delhi,Skyline Autos
102,5006,204,1228400,1,20250831,31,8,2025,Bangalore,Sun Motors
104,5011,205,4490000,3,20250831,31,8,2025,Hyderabad,Velocity Autos
103,5007,202,6594300,8,20250831,31,8,2025,Kochi,Metro Auto Hub
103,5008,203,2053900,2,20250831,31,8,2025,Kochi,Star Drive
103,5007,207,4916800,2,20250901,1,9,2025,Kochi,Metro Auto Hub
102,5005,203,2852000,3,20250901,1,9,2025,Bangalore,Royal Automobiles
103,5007,206,3688400,2,20250901,1,9,2025,Kochi,Metro Auto Hub
106,5016,203,2868900,3,20250901,1,9,2025,Delhi,Pearl Motors
104,5010,202,1639900,2,20250901,1,9,2025,Hyderabad,Crown Cars
102,5006,204,4877900,4,20250901,1,9,2025,Bangalore,Sun Motors
106,5017,203,2898800,3,20250902,2,9,2025,Delhi,Skyline Autos
104,5010,202,889100,1,20250902,2,9,2025,Hyderabad,Crown Cars
103,5007,201,655300,1,20250902,2,9,2025,Kochi,Metro Auto Hub
101,5001,203,950000,1,20250902,2,9,2025,Chennai,Sri Motors
102,5004,204,2506200,2,20250902,2,9,2025,Bangalore,Elite Cars
101,5003,202,1677500,2,20250902,2,9,2025,Chennai,Prime Wheels
104,5011,201,1372800,2,20250902,2,9,2025,Hyderabad,Velocity Autos
104,5009,203,2026000,2,20250902,2,9,2025,Hyderabad,Apex Motors
101,5001,205,2945500,2,20250903,3,9,2025,Chennai,Sri Motors
105,5013,202,875300,1,20250904,4,9,2025,Mumbai,Horizon Motors
101,5018,201,700900,1,20250904,4,9,2025,Chennai,Falcon Drive
103,5019,204,1198600,1,20250904,4,9,2025,Kochi,Ace Motors
101,5001,204,1264100,1,20250905,5,9,2025,Chennai,Sri Motors
103,5008,207,2386400,1,20250905,5,9,2025,Kochi,Star Drive
106,5015,203,2071700,2,20250905,5,9,2025,Delhi,Zenith Cars
105,5013,205,1511000,1,20250905,5,9,2025,Mumbai,Horizon Motors
106,5016,202,2623600,3,20250906,6,9,2025,Delhi,Pearl Motors
105,5020,204,2502600,2,20250907,7,9,2025,Mumbai,Lotus Automobiles
101,5003,203,990900,1,20250907,7,9,2025,Chennai,Prime Wheels
103,5008,202,893600,1,20250907,7,9,2025,Kochi,Star Drive
106,5017,207,11768000,5,20250907,7,9,2025,Delhi,Skyline Autos
103,5008,206,9766500,5,20250908,8,9,2025,Kochi,Star Drive
104,5011,203,1991100,2,20250908,8,9,2025,Hyderabad,Velocity Autos
103,5007,206,3674600,2,20250908,8,9,2025,Kochi,Metro Auto Hub
105,5012,203,2015400,2,20250908,8,9,2025,Mumbai,Green Wheels
101,5001,203,2080100,2,20250908,8,9,2025,Chennai,Sri Motors
105,5014,207,7579100,3,20250909,9,9,2025,Mumbai,Titan Automobiles
101,5018,201,2758700,4,20250909,9,9,2025,Chennai,Falcon Drive
102,5004,201,6638700,10,20250909,9,9,2025,Bangalore,Elite Cars
102,5006,204,2379200,2,20250909,9,9,2025,Bangalore,Sun Motors
105,5013,206,1975400,1,20250909,9,9,2025,Mumbai,Horizon Motors
103,5007,203,2940400,3,20250909,9,9,2025,Kochi,Metro Auto Hub
101,5002,204,6033600,5,20250910,10,9,2025,Chennai,Galaxy Auto
102,5005,206,1814800,1,20250910,10,9,2025,Bangalore,Royal Automobiles
104,5011,201,1302300,2,20250911,11,9,2025,Hyderabad,Velocity Autos
102,5004,202,839000,1,20250911,11,9,2025,Bangalore,Elite Cars
102,5005,202,3363100,4,20250911,11,9,2025,Bangalore,Royal Automobiles
101,5018,202,890200,1,20250911,11,9,2025,Chennai,Falcon Drive
102,5005,205,1455600,1,20250911,11,9,2025,Bangalore,Royal Automobiles
102,5005,201,1424300,2,20250912,12,9,2025,Bangalore,Royal Automobiles
101,5018,207,2300600,1,20250913,13,9,2025,Chennai,Falcon Drive
101,5018,204,3513800,3,20250914,14,9,2025,Chennai,Falcon Drive
102,5005,205,4449000,3,20250914,14,9,2025,Bangalore,Royal Automobiles
104,5010,205,1419500,1,20250914,14,9,2025,Hyderabad,Crown Cars
105,5014,202,1714300,2,20250915,15,9,2025,Mumbai,Titan Automobiles
105,5020,207,9415100,4,20250915,15,9,2025,Mumbai,Lotus Automobiles
106,5015,208,10518000,3,20250915,15,9,2025,Delhi,Zenith Cars
101,5002,201,1946400,3,20250916,16,9,2025,Chennai,Galaxy Auto
105,5013,204,3598800,3,20250916,16,9,2025,Mumbai,Horizon Motors
105,5014,201,2007900,3,20250916,16,9,2025,Mumbai,Titan Automobiles
104,5009,203,1912500,2,20250916,16,9,2025,Hyderabad,Apex Motors
103,5019,205,3031100,2,20250916,16,9,2025,Kochi,Ace Motors
101,5018,203,2938300,3,20250917,17,9,2025,Chennai,Falcon Drive
105,5012,204,2314300,2,20250917,17,9,2025,Mumbai,Green Wheels
102,5004,205,1489400,1,20250917,17,9,2025,Bangalore,Elite Cars
105,5014,201,3301300,5,20250917,17,9,2025,Mumbai,Titan Automobiles
105,5014,201,4127000,6,20250917,17,9,2025,Mumbai,Titan Automobiles
106,5015,204,5046600,4,20250917,17,9,2025,Delhi,Zenith Cars
102,5004,204,9400900,8,20250917,17,9,2025,Bangalore,Elite Cars
106,5016,205,3047600,2,20250917,17,9,2025,Delhi,Pearl Motors
101,5018,202,1687700,2,20250917,17,9,2025,Chennai,Falcon Drive
101,5003,204,9186900,8,20250917,17,9,2025,Chennai,Prime Wheels
106,5016,201,3926100,6,20250918,18,9,2025,Delhi,Pearl Motors
102,5004,207,4943300,2,20250918,18,9,2025,Bangalore,Elite Cars
103,5007,204,3586400,3,20250918,18,9,2025,Kochi,Metro Auto Hub
106,5017,207,4947600,2,20250918,18,9,2025,Delhi,Skyline Autos
103,5008,207,9846100,4,20250919,19,9,2025,Kochi,Star Drive
102,5005,202,2506600,3,20250920,20,9,2025,Bangalore,Royal Automobiles
106,5017,205,1437700,1,20250920,20,9,2025,Delhi,Skyline Autos
105,5014,201,1419300,2,20250920,20,9,2025,Mumbai,Titan Automobiles
104,5011,201,6695400,10,20250920,20,9,2025,Hyderabad,Velocity Autos
105,5014,203,1897300,2,20250920,20,9,2025,Mumbai,Titan Automobiles
103,5007,205,3027700,2,20250921,21,9,2025,Kochi,Metro Auto Hub
104,5011,207,7070800,3,20250921,21,9,2025,Hyderabad,Velocity Autos
101,5003,205,1525800,1,20250921,21,9,2025,Chennai,Prime Wheels
104,5010,202,1688900,2,20250921,21,9,2025,Hyderabad,Crown Cars
102,5004,205,1540500,1,20250921,21,9,2025,Bangalore,Elite Cars
103,5019,204,5947400,5,20250921,21,9,2025,Kochi,Ace Motors
104,5009,202,824500,1,20250921,21,9,2025,Hyderabad,Apex Motors
103,5008,204,4953300,4,20250922,22,9,2025,Kochi,Star Drive
104,5010,201,5663300,8,20250923,23,9,2025,Hyderabad,Crown Cars
101,5001,205,2983600,2,20250923,23,9,2025,Chennai,Sri Motors
101,5003,207,6961900,3,20250924,24,9,2025,Chennai,Prime Wheels
101,5018,202,5088500,6,20250924,24,9,2025,Chennai,Falcon Drive
104,5011,201,2819000,4,20250924,24,9,2025,Hyderabad,Velocity Autos
106,5016,208,13473500,4,20250924,24,9,2025,Delhi,Pearl Motors
106,5015,201,4135800,6,20250924,24,9,2025,Delhi,Zenith Cars
105,5014,201,3505200,5,20250925,25,9,2025,Mumbai,Titan Automobiles
101,5018,203,4947200,5,20250925,25,9,2025,Chennai,Falcon Drive
106,5017,205,11833200,8,20250925,25,9,2025,Delhi,Skyline Autos
105,5014,203,5050200,5,20250925,25,9,2025,Mumbai,Titan Automobiles
105,5014,202,4496000,5,20250925,25,9,2025,Mumbai,Titan Automobiles
104,5010,202,1758000,2,20250926,26,9,2025,Hyderabad,Crown Cars
104,5009,204,3477600,3,20250926,26,9,2025,Hyderabad,Apex Motors
101,5018,202,5377600,6,20250926,26,9,2025,Chennai,Falcon Drive
106,5016,205,1537300,1,20250927,27,9,2025,Delhi,Pearl Motors
106,5015,204,3590600,3,20250927,27,9,2025,Delhi,Zenith Cars
104,5011,202,2558700,3,20250927,27,9,2025,Hyderabad,Velocity Autos
102,5004,203,977200,1,20250928,28,9,2025,Bangalore,Elite Cars
102,5005,205,7231400,5,20250928,28,9,2025,Bangalore,Royal Automobiles
101,5018,201,682800,1,20250929,29,9,2025,Chennai,Falcon Drive
103,5007,202,897700,1,20250929,29,9,2025,Kochi,Metro Auto Hub
103,5008,202,2571600,3,20250929,29,9,2025,Kochi,Star Drive
103,5008,201,2019000,3,20250929,29,9,2025,Kochi,Star Drive
101,5003,206,5651300,3,20250929,29,9,2025,Chennai,Prime Wheels
106,5016,207,7238800,3,20250930,30,9,2025,Delhi,Pearl Motors
102,5005,203,3050700,3,20250930,30,9,2025,Bangalore,Royal Automobiles
106,5015,203,1986400,2,20250930,30,9,2025,Delhi,Zenith Cars
105,5014,204,3796900,3,20250930,30,9,2025,Mumbai,Titan Automobiles
102,5005,203,7869800,8,20250930,30,9,2025,Bangalore,Royal Automobiles
104,5011,201,5192200,8,20250930,30,9,2025,Hyderabad,Velocity Autos
104,5011,205,1481300,1,20251001,1,10,2025,Hyderabad,Velocity Autos
106,5017,208,3509700,1,20251001,1,10,2025,Delhi,Skyline Autos
103,5008,204,3497900,3,20251001,1,10,2025,Kochi,Star Drive
105,5013,201,3955300,6,20251002,2,10,2025,Mumbai,Horizon Motors
104,5010,202,1647400,2,20251002,2,10,2025,Hyderabad,Crown Cars
101,5018,202,4973200,6,20251002,2,10,2025,Chennai,Falcon Drive
106,5015,202,2609000,3,20251002,2,10,2025,Delhi,Zenith Cars
105,5014,201,1379700,2,20251002,2,10,2025,Mumbai,Titan Automobiles
106,5016,203,2925300,3,20251002,2,10,2025,Delhi,Pearl Motors
104,5010,201,3406200,5,20251002,2,10,2025,Hyderabad,Crown Cars
105,5014,201,669400,1,20251002,2,10,2025,Mumbai,Titan Automobiles
105,5014,202,857100,1,20251003,3,10,2025,Mumbai,Titan Automobiles
106,5017,206,1883300,1,20251004,4,10,2025,Delhi,Skyline Autos
106,5017,204,3783800,3,20251004,4,10,2025,Delhi,Skyline Autos
105,5013,201,670900,1,20251004,4,10,2025,Mumbai,Horizon Motors
102,5004,206,3800000,2,20251004,4,10,2025,Bangalore,Elite Cars
106,5016,208,6957000,2,20251004,4,10,2025,Delhi,Pearl Motors
101,5018,202,2663900,3,20251004,4,10,2025,Chennai,Falcon Drive
102,5004,206,18659100,10,20251004,4,10,2025,Bangalore,Elite Cars
105,5012,201,3482200,5,20251004,4,10,2025,Mumbai,Green Wheels
102,5005,202,2562700,3,20251004,4,10,2025,Bangalore,Royal Automobiles
103,5008,204,2439500,2,20251005,5,10,2025,Kochi,Star Drive
104,5009,203,1015100,1,20251005,5,10,2025,Hyderabad,Apex Motors
101,5003,203,3092900,3,20251005,5,10,2025,Chennai,Prime Wheels
105,5013,205,1419100,1,20251005,5,10,2025,Mumbai,Horizon Motors
103,5008,202,1729900,2,20251006,6,10,2025,Kochi,Star Drive
106,5017,202,2531500,3,20251006,6,10,2025,Delhi,Skyline Autos
104,5009,203,1021000,1,20251006,6,10,2025,Hyderabad,Apex Motors
105,5012,208,6450900,2,20251006,6,10,2025,Mumbai,Green Wheels
101,5018,201,1402700,2,20251007,7,10,2025,Chennai,Falcon Drive
104,5009,205,8767000,6,20251007,7,10,2025,Hyderabad,Apex Motors
103,5019,201,1307000,2,20251007,7,10,2025,Kochi,Ace Motors
102,5004,207,4959400,2,20251007,7,10,2025,Bangalore,Elite Cars
103,5008,201,678800,1,20251007,7,10,2025,Kochi,Star Drive
105,5012,201,671900,1,20251007,7,10,2025,Mumbai,Green Wheels
105,5013,202,837100,1,20251008,8,10,2025,Mumbai,Horizon Motors
106,5016,202,854700,1,20251008,8,10,2025,Delhi,Pearl Motors
101,5002,208,7025800,2,20251008,8,10,2025,Chennai,Galaxy Auto
103,5019,205,15293500,10,20251008,8,10,2025,Kochi,Ace Motors
101,5002,203,3919500,4,20251009,9,10,2025,Chennai,Galaxy Auto
101,5003,202,878900,1,20251010,10,10,2025,Chennai,Prime Wheels
102,5005,205,5677100,4,20251010,10,10,2025,Bangalore,Royal Automobiles
106,5017,201,1426100,2,20251010,10,10,2025,Delhi,Skyline Autos
102,5006,205,15106000,10,20251011,11,10,2025,Bangalore,Sun Motors
105,5014,204,3662000,3,20251011,11,10,2025,Mumbai,Titan Automobiles
103,5019,201,2750000,4,20251011,11,10,2025,Kochi,Ace Motors
105,5020,204,1168400,1,20251012,12,10,2025,Mumbai,Lotus Automobiles
106,5017,204,2461700,2,20251012,12,10,2025,Delhi,Skyline Autos
104,5009,201,690100,1,20251012,12,10,2025,Hyderabad,Apex Motors
101,5018,202,878600,1,20251012,12,10,2025,Chennai,Falcon Drive
101,5018,204,1156800,1,20251012,12,10,2025,Chennai,Falcon Drive
102,5006,202,4328300,5,20251012,12,10,2025,Bangalore,Sun Motors
105,5014,205,4578300,3,20251012,12,10,2025,Mumbai,Titan Automobiles
106,5017,202,828100,1,20251013,13,10,2025,Delhi,Skyline Autos
104,5009,203,5841200,6,20251013,13,10,2025,Hyderabad,Apex Motors
101,5018,201,2833000,4,20251013,13,10,2025,Chennai,Falcon Drive
103,5007,206,1843100,1,20251014,14,10,2025,Kochi,Metro Auto Hub
101,5018,203,2087600,2,20251014,14,10,2025,Chennai,Falcon Drive
104,5011,206,9373500,5,20251014,14,10,2025,Hyderabad,Velocity Autos
105,5013,201,3427000,5,20251015,15,10,2025,Mumbai,Horizon Motors
104,5009,201,703700,1,20251015,15,10,2025,Hyderabad,Apex Motors
104,5009,201,1324900,2,20251015,15,10,2025,Hyderabad,Apex Motors
101,5002,203,2913800,3,20251015,15,10,2025,Chennai,Galaxy Auto
103,5007,202,1647800,2,20251015,15,10,2025,Kochi,Metro Auto Hub
105,5020,202,1739200,2,20251015,15,10,2025,Mumbai,Lotus Automobiles
105,5014,205,2849400,2,20251016,16,10,2025,Mumbai,Titan Automobiles
104,5009,203,7647100,8,20251016,16,10,2025,Hyderabad,Apex Motors
105,5020,203,1039100,1,20251016,16,10,2025,Mumbai,Lotus Automobiles
103,5019,205,4460500,3,20251017,17,10,2025,Kochi,Ace Motors
105,5012,203,4047500,4,20251017,17,10,2025,Mumbai,Green Wheels
105,5020,204,3580300,3,20251017,17,10,2025,Mumbai,Lotus Automobiles
106,5016,205,4460800,3,20251017,17,10,2025,Delhi,Pearl Motors
104,5010,203,4100100,4,20251017,17,10,2025,Hyderabad,Crown Cars
105,5014,203,3070100,3,20251017,17,10,2025,Mumbai,Titan Automobiles
106,5017,206,1946600,1,20251018,18,10,2025,Delhi,Skyline Autos
102,5005,204,4685200,4,20251018,18,10,2025,Bangalore,Royal Automobiles
101,5001,206,5693400,3,20251019,19,10,2025,Chennai,Sri Motors
102,5004,203,3897600,4,20251019,19,10,2025,Bangalore,Elite Cars
105,5020,204,4835100,4,20251019,19,10,2025,Mumbai,Lotus Automobiles
104,5009,201,2042600,3,20251019,19,10,2025,Hyderabad,Apex Motors
101,5018,206,5493700,3,20251020,20,10,2025,Chennai,Falcon Drive
103,5007,203,3851000,4,20251020,20,10,2025,Kochi,Metro Auto Hub
105,5020,204,5834900,5,20251020,20,10,2025,Mumbai,Lotus Automobiles
102,5005,208,6952400,2,20251020,20,10,2025,Bangalore,Royal Automobiles
105,5012,208,16414300,5,20251020,20,10,2025,Mumbai,Green Wheels
102,5005,205,5801200,4,20251020,20,10,2025,Bangalore,Royal Automobiles
105,5014,201,670000,1,20251021,21,10,2025,Mumbai,Titan Automobiles
103,5007,205,2840100,2,20251021,21,10,2025,Kochi,Metro Auto Hub
106,5016,203,2009300,2,20251021,21,10,2025,Delhi,Pearl Motors
106,5016,201,2809400,4,20251021,21,10,2025,Delhi,Pearl Motors
103,5008,204,3665900,3,20251022,22,10,2025,Kochi,Star Drive
104,5011,202,2520300,3,20251022,22,10,2025,Hyderabad,Velocity Autos
106,5015,202,4506600,5,20251022,22,10,2025,Delhi,Zenith Cars
104,5009,203,2024900,2,20251022,22,10,2025,Hyderabad,Apex Motors
102,5006,203,3117600,3,20251022,22,10,2025,Bangalore,Sun Motors
105,5014,202,3469300,4,20251022,22,10,2025,Mumbai,Titan Automobiles
101,5001,201,1420800,2,20251023,23,10,2025,Chennai,Sri Motors
101,5001,201,2640700,4,20251023,23,10,2025,Chennai,Sri Motors
106,5016,207,4993700,2,20251023,23,10,2025,Delhi,Pearl Motors
102,5004,203,2052000,2,20251023,23,10,2025,Bangalore,Elite Cars
102,5005,201,2099900,3,20251024,24,10,2025,Bangalore,Royal Automobiles
102,5006,202,2504500,3,20251024,24,10,2025,Bangalore,Sun Motors
102,5005,201,667000,1,20251024,24,10,2025,Bangalore,Royal Automobiles
102,5005,202,2613400,3,20251024,24,10,2025,Bangalore,Royal Automobiles
103,5007,203,4902300,5,20251024,24,10,2025,Kochi,Metro Auto Hub
101,5002,208,26553400,8,20251024,24,10,2025,Chennai,Galaxy Auto
105,5012,203,5076200,5,20251024,24,10,2025,Mumbai,Green Wheels
102,5006,201,6554000,10,20251024,24,10,2025,Bangalore,Sun Motors
106,5015,201,689700,1,20251024,24,10,2025,Delhi,Zenith Cars
101,5002,203,1016300,1,20251026,26,10,2025,Chennai,Galaxy Auto
102,5006,204,1205400,1,20251026,26,10,2025,Bangalore,Sun Motors
106,5016,206,7412700,4,20251026,26,10,2025,Delhi,Pearl Motors
105,5020,204,1246500,1,20251026,26,10,2025,Mumbai,Lotus Automobiles
103,5008,204,3537000,3,20251026,26,10,2025,Kochi,Star Drive
101,5018,205,1501600,1,20251026,26,10,2025,Chennai,Falcon Drive
105,5020,203,992100,1,20251027,27,10,2025,Mumbai,Lotus Automobiles
104,5011,208,3211900,1,20251027,27,10,2025,Hyderabad,Velocity Autos
106,5017,202,1757000,2,20251027,27,10,2025,Delhi,Skyline Autos
102,5004,201,6818500,10,20251027,27,10,2025,Bangalore,Elite Cars
101,5002,203,1040300,1,20251027,27,10,2025,Chennai,Galaxy Auto
101,5018,202,2677100,3,20251028,28,10,2025,Chennai,Falcon Drive
104,5009,201,1404900,2,20251028,28,10,2025,Hyderabad,Apex Motors
101,5001,205,7546400,5,20251028,28,10,2025,Chennai,Sri Motors
105,5013,204,1216700,1,20251028,28,10,2025,Mumbai,Horizon Motors
102,5004,205,1443200,1,20251028,28,10,2025,Bangalore,Elite Cars
104,5011,206,9603200,5,20251028,28,10,2025,Hyderabad,Velocity Autos
104,5011,207,7054200,3,20251028,28,10,2025,Hyderabad,Velocity Autos
106,5017,207,4906000,2,20251028,28,10,2025,Delhi,Skyline Autos
101,5002,207,12188100,5,20251029,29,10,2025,Chennai,Galaxy Auto
104,5011,203,964200,1,20251029,29,10,2025,Hyderabad,Velocity Autos
106,5016,204,1262600,1,20251029,29,10,2025,Delhi,Pearl Motors
103,5007,202,2505700,3,20251029,29,10,2025,Kochi,Metro Auto Hub
105,5012,207,4956100,2,20251029,29,10,2025,Mumbai,Green Wheels
104,5009,204,1171800,1,20251029,29,10,2025,Hyderabad,Apex Motors
106,5016,201,2858800,4,20251029,29,10,2025,Delhi,Pearl Motors
105,5013,201,1300800,2,20251030,30,10,2025,Mumbai,Horizon Motors
103,5019,204,7535200,6,20251030,30,10,2025,Kochi,Ace Motors
103,5019,201,1403700,2,20251030,30,10,2025,Kochi,Ace Motors
106,5015,201,658300,1,20251030,30,10,2025,Delhi,Zenith Cars
106,5015,204,12540600,10,20251030,30,10,2025,Delhi,Zenith Cars
102,5004,205,2922900,2,20251030,30,10,2025,Bangalore,Elite Cars
101,5001,207,11717400,5,20251030,30,10,2025,Chennai,Sri Motors
104,5009,202,897600,1,20251031,31,10,2025,Hyderabad,Apex Motors
104,5011,204,3518400,3,20251031,31,10,2025,Hyderabad,Velocity Autos
104,5011,207,2392200,1,20251031,31,10,2025,Hyderabad,Velocity Autos
102,5006,201,1324400,2,20251031,31,10,2025,Bangalore,Sun Motors
105,5020,201,664400,1,20251031,31,10,2025,Mumbai,Lotus Automobiles
101,5002,203,980700,1,20251031,31,10,2025,Chennai,Galaxy Auto
101,5003,203,3042800,3,20251031,31,10,2025,Chennai,Prime Wheels
106,5016,204,4959700,4,20251031,31,10,2025,Delhi,Pearl Motors
104,5010,201,698300,1,20251031,31,10,2025,Hyderabad,Crown Cars
104,5011,204,2398400,2,20251101,1,11,2025,Hyderabad,Velocity Autos
101,5018,201,2118600,3,20251101,1,11,2025,Chennai,Falcon Drive
105,5020,205,1421000,1,20251101,1,11,2025,Mumbai,Lotus Automobiles
101,5018,203,1949900,2,20251101,1,11,2025,Chennai,Falcon Drive
104,5010,204,1172400,1,20251101,1,11,2025,Hyderabad,Crown Cars
106,5017,203,973900,1,20251101,1,11,2025,Delhi,Skyline Autos
105,5013,206,7326200,4,20251101,1,11,2025,Mumbai,Horizon Motors
101,5002,206,1944500,1,20251102,2,11,2025,Chennai,Galaxy Auto
101,5003,204,2321000,2,20251102,2,11,2025,Chennai,Prime Wheels
106,5016,202,892400,1,20251102,2,11,2025,Delhi,Pearl Motors
103,5008,203,952500,1,20251102,2,11,2025,Kochi,Star Drive
101,5018,206,3925500,2,20251102,2,11,2025,Chennai,Falcon Drive
101,5018,201,3268300,5,20251102,2,11,2025,Chennai,Falcon Drive
101,5001,201,1426000,2,20251102,2,11,2025,Chennai,Sri Motors
104,5010,203,2075800,2,20251103,3,11,2025,Hyderabad,Crown Cars
102,5006,204,3680300,3,20251103,3,11,2025,Bangalore,Sun Motors
102,5004,202,4154300,5,20251103,3,11,2025,Bangalore,Elite Cars
102,5004,202,3462900,4,20251103,3,11,2025,Bangalore,Elite Cars
101,5001,207,9177300,4,20251103,3,11,2025,Chennai,Sri Motors
102,5004,204,3611900,3,20251103,3,11,2025,Bangalore,Elite Cars
101,5002,201,657200,1,20251103,3,11,2025,Chennai,Galaxy Auto
103,5008,202,3336700,4,20251104,4,11,2025,Kochi,Star Drive
102,5006,201,1361300,2,20251104,4,11,2025,Bangalore,Sun Motors
106,5017,204,4713200,4,20251104,4,11,2025,Delhi,Skyline Autos
106,5016,203,2077000,2,20251104,4,11,2025,Delhi,Pearl Motors
104,5010,207,2332000,1,20251104,4,11,2025,Hyderabad,Crown Cars
105,5020,202,2635300,3,20251105,5,11,2025,Mumbai,Lotus Automobiles
105,5014,201,652500,1,20251106,6,11,2025,Mumbai,Titan Automobiles
105,5013,203,1993900,2,20251106,6,11,2025,Mumbai,Horizon Motors
103,5019,206,5508400,3,20251106,6,11,2025,Kochi,Ace Motors
102,5006,202,3297700,4,20251106,6,11,2025,Bangalore,Sun Motors
101,5003,202,3526700,4,20251106,6,11,2025,Chennai,Prime Wheels
106,5017,201,1970200,3,20251106,6,11,2025,Delhi,Skyline Autos
106,5017,203,2903900,3,20251106,6,11,2025,Delhi,Skyline Autos
105,5014,203,2019000,2,20251107,7,11,2025,Mumbai,Titan Automobiles
104,5009,205,4347800,3,20251107,7,11,2025,Hyderabad,Apex Motors
104,5009,203,2039500,2,20251107,7,11,2025,Hyderabad,Apex Motors
104,5011,203,1002700,1,20251107,7,11,2025,Hyderabad,Velocity Autos
101,5002,206,5622800,3,20251107,7,11,2025,Chennai,Galaxy Auto
103,5007,202,3599800,4,20251107,7,11,2025,Kochi,Metro Auto Hub
104,5010,205,4375200,3,20251107,7,11,2025,Hyderabad,Crown Cars
102,5005,204,3510100,3,20251107,7,11,2025,Bangalore,Royal Automobiles
103,5008,201,1326100,2,20251107,7,11,2025,Kochi,Star Drive
106,5017,202,1671200,2,20251107,7,11,2025,Delhi,Skyline Autos
102,5005,206,14437500,8,20251107,7,11,2025,Bangalore,Royal Automobiles
105,5012,202,2555800,3,20251107,7,11,2025,Mumbai,Green Wheels
103,5008,202,1715800,2,20251107,7,11,2025,Kochi,Star Drive
102,5004,202,2525100,3,20251107,7,11,2025,Bangalore,Elite Cars
105,5012,208,13510400,4,20251107,7,11,2025,Mumbai,Green Wheels
105,5014,202,867800,1,20251108,8,11,2025,Mumbai,Titan Automobiles
104,5009,201,698300,1,20251108,8,11,2025,Hyderabad,Apex Motors
104,5009,201,1384000,2,20251108,8,11,2025,Hyderabad,Apex Motors
106,5017,201,2024300,3,20251109,9,11,2025,Delhi,Skyline Autos
101,5001,203,963200,1,20251109,9,11,2025,Chennai,Sri Motors
102,5006,202,6971000,8,20251109,9,11,2025,Bangalore,Sun Motors
106,5016,205,1424700,1,20251110,10,11,2025,Delhi,Pearl Motors
103,5008,202,7167800,8,20251110,10,11,2025,Kochi,Star Drive
101,5018,205,9016700,6,20251110,10,11,2025,Chennai,Falcon Drive
101,5001,204,3540900,3,20251110,10,11,2025,Chennai,Sri Motors
106,5015,204,1255000,1,20251111,11,11,2025,Delhi,Zenith Cars
105,5020,207,9676200,4,20251111,11,11,2025,Mumbai,Lotus Automobiles
102,5004,204,2312100,2,20251111,11,11,2025,Bangalore,Elite Cars
106,5017,203,3095100,3,20251112,12,11,2025,Delhi,Skyline Autos
104,5010,203,1940100,2,20251112,12,11,2025,Hyderabad,Crown Cars
103,5019,207,5011200,2,20251112,12,11,2025,Kochi,Ace Motors
105,5020,205,4302700,3,20251112,12,11,2025,Mumbai,Lotus Automobiles
101,5018,206,9621900,5,20251113,13,11,2025,Chennai,Falcon Drive
105,5020,204,1191700,1,20251113,13,11,2025,Mumbai,Lotus Automobiles
103,5019,204,1156200,1,20251113,13,11,2025,Kochi,Ace Motors
101,5002,204,2474100,2,20251113,13,11,2025,Chennai,Galaxy Auto
105,5014,206,10862900,6,20251113,13,11,2025,Mumbai,Titan Automobiles
105,5020,201,650000,1,20251113,13,11,2025,Mumbai,Lotus Automobiles
105,5012,206,3726200,2,20251113,13,11,2025,Mumbai,Green Wheels
106,5016,201,4033800,6,20251114,14,11,2025,Delhi,Pearl Motors
103,5019,204,5983300,5,20251114,14,11,2025,Kochi,Ace Motors
101,5003,204,1207700,1,20251114,14,11,2025,Chennai,Prime Wheels
104,5009,202,842100,1,20251114,14,11,2025,Hyderabad,Apex Motors
106,5016,203,1046500,1,20251114,14,11,2025,Delhi,Pearl Motors
102,5006,207,4588900,2,20251115,15,11,2025,Bangalore,Sun Motors
105,5014,205,1492500,1,20251115,15,11,2025,Mumbai,Titan Automobiles
102,5004,201,1424700,2,20251115,15,11,2025,Bangalore,Elite Cars
105,5014,203,10109600,10,20251116,16,11,2025,Mumbai,Titan Automobiles
103,5007,206,3607600,2,20251116,16,11,2025,Kochi,Metro Auto Hub
101,5018,204,3717500,3,20251116,16,11,2025,Chennai,Falcon Drive
105,5020,204,1176800,1,20251116,16,11,2025,Mumbai,Lotus Automobiles
101,5002,205,1423200,1,20251117,17,11,2025,Chennai,Galaxy Auto
104,5009,201,665600,1,20251117,17,11,2025,Hyderabad,Apex Motors
101,5018,201,710600,1,20251117,17,11,2025,Chennai,Falcon Drive
105,5020,206,11382600,6,20251117,17,11,2025,Mumbai,Lotus Automobiles
106,5017,204,1159900,1,20251117,17,11,2025,Delhi,Skyline Autos
102,5005,204,2420900,2,20251117,17,11,2025,Bangalore,Royal Automobiles
103,5008,203,962500,1,20251117,17,11,2025,Kochi,Star Drive
105,5013,204,1197700,1,20251118,18,11,2025,Mumbai,Horizon Motors
105,5014,201,656700,1,20251118,18,11,2025,Mumbai,Titan Automobiles
101,5002,203,2035100,2,20251118,18,11,2025,Chennai,Galaxy Auto
105,5012,205,3077600,2,20251118,18,11,2025,Mumbai,Green Wheels
104,5009,205,1511600,1,20251118,18,11,2025,Hyderabad,Apex Motors
104,5009,204,6076500,5,20251119,19,11,2025,Hyderabad,Apex Motors
106,5017,201,2027200,3,20251119,19,11,2025,Delhi,Skyline Autos
105,5012,205,2832000,2,20251119,19,11,2025,Mumbai,Green Wheels
101,5018,207,4963100,2,20251119,19,11,2025,Chennai,Falcon Drive
106,5015,203,2074200,2,20251120,20,11,2025,Delhi,Zenith Cars
105,5012,206,3680500,2,20251120,20,11,2025,Mumbai,Green Wheels
104,5011,202,836800,1,20251120,20,11,2025,Hyderabad,Velocity Autos
105,5012,206,14688000,8,20251120,20,11,2025,Mumbai,Green Wheels
106,5015,203,2048800,2,20251120,20,11,2025,Delhi,Zenith Cars
101,5018,202,841500,1,20251120,20,11,2025,Chennai,Falcon Drive
104,5011,204,1240600,1,20251120,20,11,2025,Hyderabad,Velocity Autos
105,5014,206,1970400,1,20251120,20,11,2025,Mumbai,Titan Automobiles
105,5014,201,1335600,2,20251120,20,11,2025,Mumbai,Titan Automobiles
101,5018,201,1369300,2,20251120,20,11,2025,Chennai,Falcon Drive
101,5018,201,3406300,5,20251121,21,11,2025,Chennai,Falcon Drive
105,5014,205,6060200,4,20251121,21,11,2025,Mumbai,Titan Automobiles
105,5020,202,878900,1,20251121,21,11,2025,Mumbai,Lotus Automobiles
104,5010,202,848100,1,20251122,22,11,2025,Hyderabad,Crown Cars
106,5015,203,2940500,3,20251122,22,11,2025,Delhi,Zenith Cars
106,5017,201,2140100,3,20251122,22,11,2025,Delhi,Skyline Autos
101,5001,205,3000300,2,20251123,23,11,2025,Chennai,Sri Motors
106,5016,205,4589300,3,20251123,23,11,2025,Delhi,Pearl Motors
101,5002,204,2430400,2,20251123,23,11,2025,Chennai,Galaxy Auto
101,5018,205,1438400,1,20251124,24,11,2025,Chennai,Falcon Drive
103,5019,203,969500,1,20251124,24,11,2025,Kochi,Ace Motors
104,5011,202,7193800,8,20251125,25,11,2025,Hyderabad,Velocity Autos
105,5013,203,981600,1,20251125,25,11,2025,Mumbai,Horizon Motors
103,5007,204,2491200,2,20251125,25,11,2025,Kochi,Metro Auto Hub
105,5020,203,2066400,2,20251125,25,11,2025,Mumbai,Lotus Automobiles
105,5020,207,18923100,8,20251125,25,11,2025,Mumbai,Lotus Automobiles
102,5005,207,2440300,1,20251125,25,11,2025,Bangalore,Royal Automobiles
101,5018,201,679400,1,20251125,25,11,2025,Chennai,Falcon Drive
104,5009,201,1309900,2,20251125,25,11,2025,Hyderabad,Apex Motors
102,5005,208,13775500,4,20251125,25,11,2025,Bangalore,Royal Automobiles
101,5003,201,2797300,4,20251125,25,11,2025,Chennai,Prime Wheels
106,5017,207,9749300,4,20251125,25,11,2025,Delhi,Skyline Autos
102,5005,206,9524500,5,20251125,25,11,2025,Bangalore,Royal Automobiles
104,5011,201,2023900,3,20251126,26,11,2025,Hyderabad,Velocity Autos
104,5009,204,4809000,4,20251126,26,11,2025,Hyderabad,Apex Motors
104,5011,201,689800,1,20251126,26,11,2025,Hyderabad,Velocity Autos
106,5015,201,2761400,4,20251126,26,11,2025,Delhi,Zenith Cars
104,5009,201,648400,1,20251126,26,11,2025,Hyderabad,Apex Motors
102,5004,205,3073900,2,20251126,26,11,2025,Bangalore,Elite Cars
101,5001,205,2915700,2,20251127,27,11,2025,Chennai,Sri Motors
105,5012,207,4650600,2,20251127,27,11,2025,Mumbai,Green Wheels
106,5015,201,684100,1,20251127,27,11,2025,Delhi,Zenith Cars
101,5002,206,5563500,3,20251127,27,11,2025,Chennai,Galaxy Auto
105,5014,202,1671500,2,20251127,27,11,2025,Mumbai,Titan Automobiles
106,5017,204,1187000,1,20251128,28,11,2025,Delhi,Skyline Autos
102,5004,205,3053400,2,20251128,28,11,2025,Bangalore,Elite Cars
105,5014,206,1914600,1,20251129,29,11,2025,Mumbai,Titan Automobiles
101,5018,207,7051300,3,20251129,29,11,2025,Chennai,Falcon Drive
106,5016,205,4275800,3,20251129,29,11,2025,Delhi,Pearl Motors
103,5019,202,837200,1,20251129,29,11,2025,Kochi,Ace Motors
106,5016,202,838700,1,20251129,29,11,2025,Delhi,Pearl Motors
103,5007,205,4291300,3,20251129,29,11,2025,Kochi,Metro Auto Hub
105,5020,202,3301800,4,20251130,30,11,2025,Mumbai,Lotus Automobiles
106,5017,204,2429600,2,20251130,30,11,2025,Delhi,Skyline Autos
106,5016,208,17342900,5,20251130,30,11,2025,Delhi,Pearl Motors
101,5003,204,1167500,1,20251201,1,12,2025,Chennai,Prime Wheels
102,5004,202,835500,1,20251201,1,12,2025,Bangalore,Elite Cars
101,5018,206,3890700,2,20251201,1,12,2025,Chennai,Falcon Drive
101,5002,202,899100,1,20251201,1,12,2025,Chennai,Galaxy Auto
104,5009,205,6018800,4,20251202,2,12,2025,Hyderabad,Apex Motors
101,5018,203,3963100,4,20251202,2,12,2025,Chennai,Falcon Drive
104,5011,203,4064500,4,20251202,2,12,2025,Hyderabad,Velocity Autos
105,5020,202,831400,1,20251203,3,12,2025,Mumbai,Lotus Automobiles
102,5006,202,1796400,2,20251204,4,12,2025,Bangalore,Sun Motors
103,5007,201,695600,1,20251204,4,12,2025,Kochi,Metro Auto Hub
105,5014,206,7930800,4,20251204,4,12,2025,Mumbai,Titan Automobiles
103,5008,203,4905300,5,20251204,4,12,2025,Kochi,Star Drive
101,5001,202,2629400,3,20251204,4,12,2025,Chennai,Sri Motors
104,5010,201,6631900,10,20251204,4,12,2025,Hyderabad,Crown Cars
101,5018,205,7202400,5,20251204,4,12,2025,Chennai,Falcon Drive
105,5020,201,696700,1,20251205,5,12,2025,Mumbai,Lotus Automobiles
105,5020,206,1854300,1,20251205,5,12,2025,Mumbai,Lotus Automobiles
101,5003,205,2893000,2,20251205,5,12,2025,Chennai,Prime Wheels
102,5005,204,3762400,3,20251205,5,12,2025,Bangalore,Royal Automobiles
104,5011,203,8241300,8,20251205,5,12,2025,Hyderabad,Velocity Autos
102,5006,203,4155200,4,20251206,6,12,2025,Bangalore,Sun Motors
103,5007,201,5186600,8,20251206,6,12,2025,Kochi,Metro Auto Hub
103,5007,205,4336400,3,20251206,6,12,2025,Kochi,Metro Auto Hub
101,5018,202,3488700,4,20251206,6,12,2025,Chennai,Falcon Drive
103,5008,201,1304100,2,20251206,6,12,2025,Kochi,Star Drive
102,5006,205,4258000,3,20251206,6,12,2025,Bangalore,Sun Motors
102,5004,204,3661800,3,20251207,7,12,2025,Bangalore,Elite Cars
106,5016,202,1700200,2,20251208,8,12,2025,Delhi,Pearl Motors
106,5015,202,886000,1,20251208,8,12,2025,Delhi,Zenith Cars
101,5001,203,4092400,4,20251208,8,12,2025,Chennai,Sri Motors
102,5004,203,4013900,4,20251208,8,12,2025,Bangalore,Elite Cars
102,5006,203,1021000,1,20251208,8,12,2025,Bangalore,Sun Motors
106,5015,204,5066500,4,20251209,9,12,2025,Delhi,Zenith Cars
101,5018,203,1030400,1,20251209,9,12,2025,Chennai,Falcon Drive
104,5009,201,2864800,4,20251209,9,12,2025,Hyderabad,Apex Motors
104,5009,203,2931200,3,20251209,9,12,2025,Hyderabad,Apex Motors
105,5014,206,3833500,2,20251210,10,12,2025,Mumbai,Titan Automobiles
105,5012,201,1305500,2,20251210,10,12,2025,Mumbai,Green Wheels
102,5005,202,3463500,4,20251210,10,12,2025,Bangalore,Royal Automobiles
105,5012,203,1970000,2,20251210,10,12,2025,Mumbai,Green Wheels
102,5006,205,1501400,1,20251210,10,12,2025,Bangalore,Sun Motors
102,5005,201,1431200,2,20251211,11,12,2025,Bangalore,Royal Automobiles
101,5003,207,12209000,5,20251211,11,12,2025,Chennai,Prime Wheels
106,5015,204,2510100,2,20251212,12,12,2025,Delhi,Zenith Cars
102,5006,204,3477800,3,20251212,12,12,2025,Bangalore,Sun Motors
104,5009,204,1184600,1,20251212,12,12,2025,Hyderabad,Apex Motors
106,5017,203,4136400,4,20251213,13,12,2025,Delhi,Skyline Autos
105,5012,208,16283500,5,20251213,13,12,2025,Mumbai,Green Wheels
106,5016,205,5660800,4,20251213,13,12,2025,Delhi,Pearl Motors
104,5011,203,990000,1,20251213,13,12,2025,Hyderabad,Velocity Autos
105,5020,203,1946300,2,20251213,13,12,2025,Mumbai,Lotus Automobiles
101,5002,202,3269000,4,20251213,13,12,2025,Chennai,Galaxy Auto
104,5011,207,2486300,1,20251214,14,12,2025,Hyderabad,Velocity Autos
105,5014,206,5383800,3,20251214,14,12,2025,Mumbai,Titan Automobiles
104,5011,205,4200000,3,20251214,14,12,2025,Hyderabad,Velocity Autos
104,5010,204,6158300,5,20251214,14,12,2025,Hyderabad,Crown Cars
105,5020,202,2586000,3,20251215,15,12,2025,Mumbai,Lotus Automobiles
102,5006,205,7219200,5,20251215,15,12,2025,Bangalore,Sun Motors
102,5006,201,683700,1,20251215,15,12,2025,Bangalore,Sun Motors
104,5010,202,886300,1,20251215,15,12,2025,Hyderabad,Crown Cars
103,5008,202,6618600,8,20251215,15,12,2025,Kochi,Star Drive
106,5015,201,1399300,2,20251216,16,12,2025,Delhi,Zenith Cars
101,5001,204,3557500,3,20251216,16,12,2025,Chennai,Sri Motors
105,5014,205,8397200,6,20251216,16,12,2025,Mumbai,Titan Automobiles
102,5005,203,4163100,4,20251217,17,12,2025,Bangalore,Royal Automobiles
104,5011,204,2335400,2,20251218,18,12,2025,Hyderabad,Velocity Autos
101,5018,201,4291900,6,20251218,18,12,2025,Chennai,Falcon Drive
105,5012,201,667500,1,20251218,18,12,2025,Mumbai,Green Wheels
103,5008,201,693500,1,20251218,18,12,2025,Kochi,Star Drive
105,5012,201,1330900,2,20251218,18,12,2025,Mumbai,Green Wheels
102,5006,204,11595300,10,20251218,18,12,2025,Bangalore,Sun Motors
104,5010,203,981800,1,20251218,18,12,2025,Hyderabad,Crown Cars
101,5003,205,4364200,3,20251218,18,12,2025,Chennai,Prime Wheels
106,5016,202,2477200,3,20251218,18,12,2025,Delhi,Pearl Motors
105,5012,206,1915900,1,20251219,19,12,2025,Mumbai,Green Wheels
104,5009,201,6952700,10,20251219,19,12,2025,Hyderabad,Apex Motors
102,5006,201,1417700,2,20251219,19,12,2025,Bangalore,Sun Motors
104,5009,202,2470800,3,20251219,19,12,2025,Hyderabad,Apex Motors
101,5003,201,681900,1,20251219,19,12,2025,Chennai,Prime Wheels
103,5008,201,2120500,3,20251219,19,12,2025,Kochi,Star Drive
106,5017,203,1913400,2,20251219,19,12,2025,Delhi,Skyline Autos
105,5014,204,6922300,6,20251220,20,12,2025,Mumbai,Titan Automobiles
103,5008,205,15141700,10,20251220,20,12,2025,Kochi,Star Drive
106,5015,201,658000,1,20251220,20,12,2025,Delhi,Zenith Cars
103,5007,202,1758900,2,20251220,20,12,2025,Kochi,Metro Auto Hub
102,5004,208,3256900,1,20251220,20,12,2025,Bangalore,Elite Cars
102,5005,206,3827000,2,20251221,21,12,2025,Bangalore,Royal Automobiles
103,5007,205,1482600,1,20251221,21,12,2025,Kochi,Metro Auto Hub
105,5020,208,6394300,2,20251221,21,12,2025,Mumbai,Lotus Automobiles
102,5005,202,3473200,4,20251221,21,12,2025,Bangalore,Royal Automobiles
104,5011,207,14908400,6,20251222,22,12,2025,Hyderabad,Velocity Autos
105,5020,207,14513600,6,20251222,22,12,2025,Mumbai,Lotus Automobiles
103,5008,205,4187500,3,20251222,22,12,2025,Kochi,Star Drive
106,5017,205,1494500,1,20251222,22,12,2025,Delhi,Skyline Autos
104,5010,203,4140800,4,20251223,23,12,2025,Hyderabad,Crown Cars
105,5020,202,4383300,5,20251223,23,12,2025,Mumbai,Lotus Automobiles
105,5020,205,2890200,2,20251223,23,12,2025,Mumbai,Lotus Automobiles
102,5005,202,1776500,2,20251223,23,12,2025,Bangalore,Royal Automobiles
103,5008,201,2666500,4,20251223,23,12,2025,Kochi,Star Drive
105,5020,203,973900,1,20251223,23,12,2025,Mumbai,Lotus Automobiles
102,5005,201,657900,1,20251223,23,12,2025,Bangalore,Royal Automobiles
101,5018,201,3378900,5,20251223,23,12,2025,Chennai,Falcon Drive
103,5007,203,1948800,2,20251224,24,12,2025,Kochi,Metro Auto Hub
104,5010,205,8375600,6,20251224,24,12,2025,Hyderabad,Crown Cars
106,5016,202,7062400,8,20251224,24,12,2025,Delhi,Pearl Motors
106,5017,206,15838800,8,20251224,24,12,2025,Delhi,Skyline Autos
102,5004,202,3414500,4,20251224,24,12,2025,Bangalore,Elite Cars
101,5003,206,1926400,1,20251225,25,12,2025,Chennai,Prime Wheels
101,5002,206,3703000,2,20251225,25,12,2025,Chennai,Galaxy Auto
105,5012,202,892800,1,20251225,25,12,2025,Mumbai,Green Wheels
101,5002,202,3552400,4,20251225,25,12,2025,Chennai,Galaxy Auto
104,5011,202,842700,1,20251225,25,12,2025,Hyderabad,Velocity Autos
106,5016,201,7084000,10,20251226,26,12,2025,Delhi,Pearl Motors
104,5009,205,1425900,1,20251226,26,12,2025,Hyderabad,Apex Motors
102,5005,201,1409800,2,20251226,26,12,2025,Bangalore,Royal Automobiles
104,5011,201,2645600,4,20251226,26,12,2025,Hyderabad,Velocity Autos
102,5004,205,2806000,2,20251227,27,12,2025,Bangalore,Elite Cars
101,5003,202,4433200,5,20251227,27,12,2025,Chennai,Prime Wheels
106,5017,201,2125700,3,20251227,27,12,2025,Delhi,Skyline Autos
101,5003,201,2063300,3,20251227,27,12,2025,Chennai,Prime Wheels
103,5008,207,14781300,6,20251227,27,12,2025,Kochi,Star Drive
102,5005,201,3300100,5,20251227,27,12,2025,Bangalore,Royal Automobiles
105,5012,202,892100,1,20251228,28,12,2025,Mumbai,Green Wheels
106,5017,202,863100,1,20251228,28,12,2025,Delhi,Skyline Autos
102,5006,201,659400,1,20251228,28,12,2025,Bangalore,Sun Motors
106,5017,201,711700,1,20251229,29,12,2025,Delhi,Skyline Autos
103,5019,203,1961900,2,20251229,29,12,2025,Kochi,Ace Motors
105,5012,202,7134800,8,20251229,29,12,2025,Mumbai,Green Wheels
102,5006,203,1000900,1,20251229,29,12,2025,Bangalore,Sun Motors
104,5010,205,7193400,5,20251229,29,12,2025,Hyderabad,Crown Cars
104,5011,204,1241000,1,20251229,29,12,2025,Hyderabad,Velocity Autos
104,5011,201,4072800,6,20251230,30,12,2025,Hyderabad,Velocity Autos
103,5007,202,1714800,2,20251230,30,12,2025,Kochi,Metro Auto Hub
105,5012,207,11532600,5,20251230,30,12,2025,Mumbai,Green Wheels
104,5010,203,1029800,1,20251230,30,12,2025,Hyderabad,Crown Cars
104,5010,205,1528700,1,20251230,30,12,2025,Hyderabad,Crown Cars
105,5012,201,1309300,2,20251231,31,12,2025,Mumbai,Green Wheels
106,5015,201,695700,1,20251231,31,12,2025,Delhi,Zenith Cars
105,5013,203,1926300,2,20251231,31,12,2025,Mumbai,Horizon Motors
104,5009,204,7209900,6,20251231,31,12,2025,Hyderabad,Apex Motors
105,5012,203,1025700,1,20251231,31,12,2025,Mumbai,Green Wheels
102,5005,203,4083200,4,20251231,31,12,2025,Bangalore,Royal Automobiles
